Episode,Date,Host,Guest,Project / Company
Episode 1,"April 7, 2006","Leo Laporte, Chris DiBona",Introducing Chris DiBona
Episode 2,"April 14, 2006","Leo Laporte, Chris DiBona",[Ben Goodger](https://en.wikipedia.org/wiki/Ben_Goodger),[Mozilla Firefox](https://en.wikipedia.org/wiki/Mozilla_Firefox)
Episode 3,"April 22, 2006","Leo Laporte, Chris DiBona",[Rob Malda](https://en.wikipedia.org/wiki/Rob_Malda) (CmdrTaco),[Slashdot](https://en.wikipedia.org/wiki/Slashdot)
Episode 4,"May 3, 2006","Leo Laporte, Chris DiBona","[Brad Fitzpatrick](https://en.wikipedia.org/wiki/Brad_Fitzpatrick), [chromatic](https://en.wikipedia.org/wiki/Chromatic_(programmer))","[LiveJournal](https://en.wikipedia.org/wiki/LiveJournal), [Perl](https://en.wikipedia.org/wiki/Perl)"
Episode 5,"May 12, 2006","Leo Laporte, Chris DiBona",[Miguel de Icaza](https://en.wikipedia.org/wiki/Miguel_de_Icaza),"[GNOME](https://en.wikipedia.org/wiki/GNOME), [Mono](Mono_(software)https://en.wikipedia.org/wiki/)"
Episode 6,"May 19, 2006","Leo Laporte, Chris DiBona",[Larry Augustin](https://en.wikipedia.org/wiki/Larry_Augustin),[VA Software](https://en.wikipedia.org/wiki/VA_Software)
Episode 7,"May 26, 2006","Leo Laporte, Chris DiBona",[Jimmy Wales](https://en.wikipedia.org/wiki/Jimmy_Wales),[Wikimedia Foundation](https://en.wikipedia.org/wiki/Wikimedia_Foundation)
Episode 8,"June 16, 2006","Leo Laporte, Chris DiBona",[Ryan Gordon](https://en.wikipedia.org/wiki/Ryan_Gordon),[Simple DirectMedia Layer](https://en.wikipedia.org/wiki/Simple_DirectMedia_Layer)
Episode 9,"July 15, 2006","Leo Laporte, Chris DiBona",[Randal Schwartz](https://en.wikipedia.org/wiki/Randal_Schwartz),[Perl](https://en.wikipedia.org/wiki/Perl)
Episode 10,"July 22, 2006","Leo Laporte, Chris DiBona",[Jeff Bates](Jeff_Bates_(Slashdot)https://en.wikipedia.org/wiki/),[Slashdot](https://en.wikipedia.org/wiki/Slashdot)
Episode 11,"August 4, 2006","Leo Laporte, Chris DiBona",[Guido van Rossum](https://en.wikipedia.org/wiki/Guido_van_Rossum),[Python](Python_(programming_language)https://en.wikipedia.org/wiki/)
Episode 12,"August 11, 2006","Leo Laporte, Chris DiBona",[Rasmus Lerdorf](https://en.wikipedia.org/wiki/Rasmus_Lerdorf),[PHP](https://en.wikipedia.org/wiki/PHP)
Episode 13,"September 27, 2006","Leo Laporte, Chris DiBona",[Eben Moglen](https://en.wikipedia.org/wiki/Eben_Moglen),[Free Software Foundation](https://en.wikipedia.org/wiki/Free_Software_Foundation)
Episode 14,"October 13, 2006","Leo Laporte, Chris DiBona",[Jeremy Allison](https://en.wikipedia.org/wiki/Jeremy_Allison),[Samba](Samba_(software)https://en.wikipedia.org/wiki/)
Episode 15,"November 10, 2006","Leo Laporte, Chris DiBona",Tarus Balog,[OpenNMS](https://en.wikipedia.org/wiki/OpenNMS)
Episode 16,"February 21, 2007","Leo Laporte, Chris DiBona",[Jeff Waugh](https://en.wikipedia.org/wiki/Jeff_Waugh),[linux.conf.au](linux.conf.https://en.wikipedia.org/wiki/au)
Episode 17,"March 24, 2007","Leo Laporte, Chris DiBona","[Jon ""maddog"" Hall](Jon_""maddog""https://en.wikipedia.org/wiki/_Hall)",[Linux International](https://en.wikipedia.org/wiki/Linux_International)
Episode 18,"July 21, 2007","Leo Laporte, Randal Schwartz",Josh Berkus,[PostgreSQL](https://en.wikipedia.org/wiki/PostgreSQL)
Episode 19,"September 1, 2007","Leo Laporte, Randal Schwartz",[Junio Hamano](https://en.wikipedia.org/wiki/Junio_Hamano),[git](git_(software)https://en.wikipedia.org/wiki/)
Episode 20,"October 17, 2007","Leo Laporte, Randal Schwartz",Jay Shirley,[Catalyst](Catalyst_(software)https://en.wikipedia.org/wiki/)
Episode 21,"November 23, 2007","Leo Laporte, Randal Schwartz",Avi Bryant,[Seaside Smalltalk Web Application Framework](Seaside_(software)https://en.wikipedia.org/wiki/)
Episode 22,"December 22, 2007","Leo Laporte, Randal Schwartz",[Fernanda Weiden](https://en.wikipedia.org/wiki/Fernanda_Weiden),[Google](https://en.wikipedia.org/wiki/Google)
Episode 23,"January 4, 2008","Leo Laporte, Randal Schwartz",Nate Koechley,[YUI Library](https://en.wikipedia.org/wiki/YUI_Library)
Episode 24,"February 8, 2008","Leo Laporte, Randal Schwartz","David Kirk Buck, Chris Cason",[POV-Ray](POV-https://en.wikipedia.org/wiki/Ray)
Episode 25,"February 29, 2008","Leo Laporte, Randal Schwartz","Campbell Barton, Brecht van Lommel",[Blender](Blender_(software)https://en.wikipedia.org/wiki/)
Episode 26,"March 7, 2008","Leo Laporte, Randal Schwartz",[D. Richard Hipp](D.https://en.wikipedia.org/wiki/_Richard_Hipp),[SQLite](https://en.wikipedia.org/wiki/SQLite)
Episode 27,"March 21, 2008","Leo Laporte, Randal Schwartz",[Ward Cunningham](https://en.wikipedia.org/wiki/Ward_Cunningham),"[WikiWikiWeb](https://en.wikipedia.org/wiki/WikiWikiWeb) (the first [Wiki](https://en.wikipedia.org/wiki/Wiki)), [AboutUs.org](AboutUs.https://en.wikipedia.org/wiki/org)"
Episode 28,"April 4, 2008","Leo Laporte, Randal Schwartz",[Greg Stein](https://en.wikipedia.org/wiki/Greg_Stein),"[WebDAV](https://en.wikipedia.org/wiki/WebDAV), [Google](https://en.wikipedia.org/wiki/Google)"
Episode 29,"May 23, 2008","Leo Laporte, Randal Schwartz",[Dan Ingalls](https://en.wikipedia.org/wiki/Dan_Ingalls),"[Smalltalk](https://en.wikipedia.org/wiki/Smalltalk), [Squeak](https://en.wikipedia.org/wiki/Squeak)"
Episode 30,"June 28, 2008","Leo Laporte, Randal Schwartz","Philip Papadopoulos, Greg Bruno",[Rocks Cluster Distribution](https://en.wikipedia.org/wiki/Rocks_Cluster_Distribution)
Episode 31,"July 5, 2008","Leo Laporte, Randal Schwartz",Tom Barbalet,Noble Ape (now ApeSDK)
Episode 32,"July 14, 2008","Leo Laporte, Randal Schwartz",John Roberts,[SugarCRM](https://en.wikipedia.org/wiki/SugarCRM)
Episode 33,"July 19, 2008","Leo Laporte, Randal Schwartz","Dalibor Topic, [Bruno Souza](Bruno_Souza_(programmer)https://en.wikipedia.org/wiki/)",[OpenJDK](https://en.wikipedia.org/wiki/OpenJDK)
Episode 34,"July 26, 2008","Leo Laporte, Randal Schwartz",Jacob Kaplan-Moss,[Django](Django_(web_framework)https://en.wikipedia.org/wiki/)
Episode 35,"August 2, 2008","Leo Laporte, Randal Schwartz",[Brian Aker](https://en.wikipedia.org/wiki/Brian_Aker),[Drizzle](Drizzle_(database_server)https://en.wikipedia.org/wiki/)
Episode 36,"August 20, 2008","Leo Laporte, Randal Schwartz",Jan Lehnardt,[CouchDB](https://en.wikipedia.org/wiki/CouchDB)
Episode 37,"August 23, 2008","Leo Laporte, Randal Schwartz",[Evan Prodromou](https://en.wikipedia.org/wiki/Evan_Prodromou),"[Identi.ca](Identi.https://en.wikipedia.org/wiki/ca), [Laconica](https://en.wikipedia.org/wiki/Laconica)"
Episode 38,"August 30, 2008","Leo Laporte, Randal Schwartz",[Mark Spencer](Mark_Spencer_(computer_engineer)https://en.wikipedia.org/wiki/),"[Asterisk](Asterisk_(PBX)https://en.wikipedia.org/wiki/), [Digium](https://en.wikipedia.org/wiki/Digium)"
Episode 39,"September 5, 2008","Leo Laporte, Randal Schwartz",Simon Phipps,[Sun Microsystems](https://en.wikipedia.org/wiki/Sun_Microsystems)
Episode 40,"September 12, 2008","Leo Laporte, Randal Schwartz",[Jeff Robbins](https://en.wikipedia.org/wiki/Jeff_Robbins),Jeff Robbins of Lullabot
Episode 41,"September 19, 2008","Leo Laporte, Randal Schwartz",Shaun B. Walker,[DotNetNuke](https://en.wikipedia.org/wiki/DotNetNuke)
Episode 42,"September 26, 2008","Leo Laporte, Randal Schwartz",Roger Dannenberg,[Audacity](Audacity_(audio_editor)https://en.wikipedia.org/wiki/)
Episode 43,"October 4, 2008","Leo Laporte, Randal Schwartz",Paul Louden,[Rockbox](https://en.wikipedia.org/wiki/Rockbox)
Episode 44,"October 10, 2008","Leo Laporte, Randal Schwartz","Gregory Casamento, Riccardo Mottola",[GNUstep](https://en.wikipedia.org/wiki/GNUstep)
Episode 45,"October 18, 2008","Leo Laporte, Randal Schwartz",Aaron Seigo,[KDE](https://en.wikipedia.org/wiki/KDE)
Episode 46,"October 24, 2008","Leo Laporte, Randal Schwartz","Gareth Greenaway, Shyam Kapadia",[SCALE](https://en.wikipedia.org/wiki/SCALE)
Episode 47,"November 21, 2008","Leo Laporte, Randal Schwartz","George Conard, Adam Monsen",[MicroFinance Open Source](https://en.wikipedia.org/wiki/MicroFinance_Open_Source)
Episode 48,"November 29, 2008","Leo Laporte, Randal Schwartz",Joe Brockmeier,[openSUSE](https://en.wikipedia.org/wiki/openSUSE)
Episode 49,"December 7, 2008","Leo Laporte, Randal Schwartz",Peter Saint-Andre,[XMPP](https://en.wikipedia.org/wiki/Extensible_Messaging_and_Presence_Protocol)
Episode 50,"January 3, 2009","Leo Laporte, Randal Schwartz",Jeff Squyres,[Open MPI](https://en.wikipedia.org/wiki/Open_MPI)
Episode 51,"January 10, 2009","Leo Laporte, Randal Schwartz",[Daniel Stenberg](https://en.wikipedia.org/wiki/Daniel_Stenberg),[cURL](https://en.wikipedia.org/wiki/cURL)
Episode 52,"January 17, 2009","Leo Laporte, Randal Schwartz","[Casey Reas](https://en.wikipedia.org/wiki/Casey_Reas), [Ben Fry](https://en.wikipedia.org/wiki/Benjamin_Fry)",[Processing](Processing_(programming_language)https://en.wikipedia.org/wiki/)
Episode 53,"January 24, 2009","Leo Laporte, Randal Schwartz","Chuck Syperski, Jian Zhang",FOG
Episode 54,"January 30, 2009","Leo Laporte, Randal Schwartz",Quim Gil,[Maemo](Maemo_(operating_system)https://en.wikipedia.org/wiki/)
Episode 55,"February 7, 2009","Leo Laporte, Randal Schwartz",[John Resig](https://en.wikipedia.org/wiki/John_Resig),[jQuery](https://en.wikipedia.org/wiki/jQuery)
Episode 56,"February 14, 2009","Leo Laporte, Randal Schwartz","David Chisnall, Quentin Mathé",Étoilé
Episode 57,"February 21, 2009","Leo Laporte, Randal Schwartz","Scott Davilla, Jonathan Marshall",[XBMC](https://en.wikipedia.org/wiki/XBMC)
Episode 58,"February 28, 2009","Leo Laporte, Randal Schwartz","Aaron Newcomb, David Brittlel",[ZFS](https://en.wikipedia.org/wiki/ZFS)
Episode 59,"March 7, 2009","Leo Laporte, Randal Schwartz","[Bill Kendrick](https://en.wikipedia.org/wiki/Bill_Kendrick), David Bruce",[TuxPaint](https://en.wikipedia.org/wiki/TuxPaint)
Episode 60,"March 14, 2009","Leo Laporte, Randal Schwartz",[David P. Anderson](David_P.https://en.wikipedia.org/wiki/_Anderson),[BOINC](https://en.wikipedia.org/wiki/BOINC)
Episode 61,"March 21, 2009","Leo Laporte, Randal Schwartz",Massimo Banzi,[Arduino](https://en.wikipedia.org/wiki/Arduino)
Episode 62,"March 28, 2009","Leo Laporte, Randal Schwartz",Javier Uruen,[Zentyal](https://en.wikipedia.org/wiki/Zentyal)
Episode 63,"April 4, 2009","Leo Laporte, Randal Schwartz",Agostino Russo,[Wubi](Wubi_(installer)https://en.wikipedia.org/wiki/)
Episode 64,"April 11, 2009","Leo Laporte, Randal Schwartz","Selena Deckelmann, Audrey Eschright",The Open Source Bridge Conference
Episode 65,"April 18, 2009","Leo Laporte, Randal Schwartz",[Jono Bacon](https://en.wikipedia.org/wiki/Jono_Bacon),[Ubuntu](Ubuntu_(operating_system)https://en.wikipedia.org/wiki/)
Episode 66,"April 25, 2009","Leo Laporte, Randal Schwartz",Bryan Berry,Open Learning Exchange Nepal
Episode 67,"May 2, 2009","Leo Laporte, Randal Schwartz",[Ian Pratt](Ian_Pratt_(computer_scientist)https://en.wikipedia.org/wiki/),[Xen](https://en.wikipedia.org/wiki/Xen)
Episode 68,"May 9, 2009","Leo Laporte, Randal Schwartz","Joel Holdsworth, Aaron Newcomb",[Cinelerra](https://en.wikipedia.org/wiki/Cinelerra)
Episode 69,"May 16, 2009","Leo Laporte, Randal Schwartz, Jono Bacon","Sean Moss-Pultz, Christopher Hall",[Openmoko](https://en.wikipedia.org/wiki/Openmoko)
Episode 70,"May 24, 2009","Leo Laporte, Randal Schwartz",Ken Glimer,[Bug Labs](https://en.wikipedia.org/wiki/Bug_Labs)
Episode 71,"May 30, 2009","Leo Laporte, Randal Schwartz",Paul W. Frields,[Fedora](Fedora_(operating_system)https://en.wikipedia.org/wiki/)
Episode 72,"June 6, 2009","Leo Laporte, Randal Schwartz, Jono Bacon",Justin Clark-Casey,[OpenSim](https://en.wikipedia.org/wiki/OpenSimulator)
Episode 73,"June 13, 2009","Leo Laporte, Randal Schwartz, Jono Bacon",[Tim O'Reilly](Tim_O'https://en.wikipedia.org/wiki/Reilly),[O'Reilly Media](O'https://en.wikipedia.org/wiki/Reilly_Media)
Episode 74,"June 20, 2009","Leo Laporte, Randal Schwartz, Jono Bacon",Jeff Sheltren,[OSU Open Source Lab](https://en.wikipedia.org/wiki/OSU_Open_Source_Lab)
Episode 75,"June 27, 2009","Leo Laporte, Randal Schwartz, Jono Bacon",Glynn Foster,[OpenSolaris](https://en.wikipedia.org/wiki/OpenSolaris)
Episode 76,"July 4, 2009","Randal Schwartz, Jono Bacon","Jon A. Cruz, Ted Gould",[Inkscape](https://en.wikipedia.org/wiki/Inkscape)
Episode 77,"July 12, 2009","Leo Laporte, Randal Schwartz",[Jono Bacon](https://en.wikipedia.org/wiki/Jono_Bacon),[Ubuntu](Ubuntu_(operating_system)https://en.wikipedia.org/wiki/)
Episode 78,"July 19, 2009","Randal Schwartz, Jono Bacon","Christopher ""Sean"" Morrison",[BZFlag](https://en.wikipedia.org/wiki/BZFlag)
Episode 79,"July 26, 2009",Randal Schwartz,[David Heinemeier Hansson](https://en.wikipedia.org/wiki/David_Heinemeier_Hansson),[Ruby on Rails](https://en.wikipedia.org/wiki/Ruby_on_Rails)
Episode 80,"August 1, 2009","Leo Laporte, Randal Schwartz, Jono Bacon",Eugene Sandulenko,[ScummVM](https://en.wikipedia.org/wiki/ScummVM)
Episode 81,"August 8, 2009","Leo Laporte, Randal Schwartz",[Steve Coast](https://en.wikipedia.org/wiki/Steve_Coast),[OpenStreetMap](https://en.wikipedia.org/wiki/OpenStreetMap)
Episode 82,"August 15, 2009","Leo Laporte, Randal Schwartz",Michael Foord,[IronPython](https://en.wikipedia.org/wiki/IronPython)
Episode 83,"August 22, 2009","Leo Laporte, Randal Schwartz, Jono Bacon","Jeffrey T. Darlington, [Christopher B. Wright](Christopher_B.https://en.wikipediaght), Chris Kohler",[Webcomics](https://en.wikipedia.org/wiki/Webcomic)
Episode 84,"August 29, 2009","Leo Laporte, Randal Schwartz",Eric Jung,[FoxyProxy](https://en.wikipedia.org/wiki/FoxyProxy)
Episode 85,"September 5, 2009","Leo Laporte, Randal Schwartz",[Jim Zemlin](https://en.wikipedia.org/wiki/Jim_Zemlin),"[Linux Foundation](https://en.wikipedia.org/wiki/Linux_Foundation), [LinuxCon](https://en.wikipedia.org/wiki/LinuxCon)"
Episode 86,"September 12, 2009","Leo Laporte, Jono Bacon",[Paul Davis](Paul_Davis_(programmer)https://en.wikipedia.org/wiki/),[Ardour](Ardour_(audio_processor)https://en.wikipedia.org/wiki/)
Episode 87,"September 19, 2009","Leo Laporte, Randal Schwartz",[Kent Beck](https://en.wikipedia.org/wiki/Kent_Beck),[Extreme programming](https://en.wikipedia.org/wiki/Extreme_programming)
Episode 88,"September 26, 2009","Randal Schwartz, Jono Bacon",[Linus Torvalds](https://en.wikipedia.org/wiki/Linus_Torvalds),[Linux](https://en.wikipedia.org/wiki/Linux)
Episode 89,"October 1, 2009","Leo Laporte, Randal Schwartz, Jono Bacon",[Aaron Roe Fulkerson](https://en.wikipedia.org/wiki/Aaron_Roe_Fulkerson),[MindTouch](https://en.wikipedia.org/wiki/MindTouch)
Episode 90,"October 8, 2009","Alex Lindsay, Randal Schwartz, Jono Bacon",Peter Higgins,[Dojo Toolkit](https://en.wikipedia.org/wiki/Dojo_Toolkit)
Episode 91,"October 15, 2009","Leo Laporte, Jono Bacon",Roy Schestowitz,Boycott Novell
Episode 92,"October 24, 2009","Leo Laporte, Randal Schwartz",[Bre Pettis](https://en.wikipedia.org/wiki/Bre_Pettis),[MakerBot Industries](https://en.wikipedia.org/wiki/MakerBot_Industries)
Episode 93,"November 1, 2009","Leo Laporte, Randal Schwartz",Luke Kanies,[Puppet](Puppet_(software)https://en.wikipedia.org/wiki/)
Episode 94,"November 5, 2009","Leo Laporte, Randal Schwartz",[Rob Savoye](https://en.wikipedia.org/wiki/Rob_Savoye),[Gnash](Gnash_(software)https://en.wikipedia.org/wiki/)
Episode 95,"November 13, 2009","Leo Laporte, Randal Schwartz",Jim Killock,[Open Rights Group](https://en.wikipedia.org/wiki/Open_Rights_Group)
Episode 96,"November 20, 2009","Leo Laporte, Randal Schwartz","Jason Stajich, Chris Fields",[BioPerl](https://en.wikipedia.org/wiki/BioPerl)
Episode 97,"December 1, 2009","Leo Laporte, Randal Schwartz",Wolfgang Meier,[eXist](https://en.wikipedia.org/wiki/eXist)
Episode 98,"December 3, 2009","Leo Laporte, Randal Schwartz, Jono Bacon",Joe Brockmeier,[openSUSE](https://en.wikipedia.org/wiki/openSUSE)
Episode 99,"December 10, 2009","Leo Laporte, Jono Bacon",[Stuart Langridge](https://en.wikipedia.org/wiki/Stuart_Langridge),[Ubuntu One](https://en.wikipedia.org/wiki/Ubuntu_One)
Episode 100,"December 17, 2009","Leo Laporte, Randal Schwartz, Jono Bacon",Chris DiBona,100th anniversary and [Google](https://en.wikipedia.org/wiki/Google)
Episode 101,"December 24, 2009","Leo Laporte, Randal Schwartz, Jono Bacon","Scott Ullrich, Chris Buechler",[pfSense](https://en.wikipedia.org/wiki/pfSense)
Episode 102,"January 1, 2010","Leo Laporte, Randal Schwartz",Frank Wierzbicki,[Jython](https://en.wikipedia.org/wiki/Jython)
Episode 103,"January 6, 2010","Leo Laporte, Randal Schwartz",Jeff Davis,Open Source [Service-oriented architecture](Service-https://en.wikipedia.org/wiki/oriented_architecture)
Episode 104,"January 14, 2010","Leo Laporte, Randal Schwartz, Jono Bacon",[Randi Harper](https://en.wikipedia.org/wiki/Randi_Harper),[FreeBSD](https://en.wikipedia.org/wiki/FreeBSD)
Episode 105,"January 22, 2010","Leo Laporte, Randal Schwartz",Michael Dirolf,[MongoDB](https://en.wikipedia.org/wiki/MongoDB)
Episode 106,"February 1, 2010",Randal Schwartz,[Mark Burgess](Mark_Burgess_(computer_scientist)https://en.wikipedia.org/wiki/),[Cfengine](https://en.wikipedia.org/wiki/Cfengine)
Episode 107,"February 4, 2010","Leo Laporte, Randal Schwartz",Matthew Gates,[Stellarium](Stellarium_(software)https://en.wikipedia.org/wiki/)
Episode 108,"February 11, 2010","Leo Laporte, Randal Schwartz, Jono Bacon",Henrique Bastos,[Python](Python_(programming_language)https://en.wikipedia.org/wiki/)/[pyCon](https://en.wikipedia.org/wiki/pyCon)
Episode 109,"February 18, 2010","Leo Laporte, Randal Schwartz",Sebastian Brannstrom,[Symbian](https://en.wikipedia.org/wiki/Symbian)
Episode 110,"February 25, 2010","Leo Laporte, Randal Schwartz, Jono Bacon",Jamie Camron,[Webmin](https://en.wikipedia.org/wiki/Webmin)
Episode 111,"March 4, 2010","Leo Laporte, Randal Schwartz, Jono Bacon",Bill Hoffman,[CMake](https://en.wikipedia.org/wiki/CMake)
Episode 112,"March 10, 2010","Leo Laporte, Randal Schwartz, Jono Bacon",Carlos Puchol,[Amahi](Home_server#https://en.wikipedia.org/wiki/Media_serving)
Episode 113,"March 18, 2010","Leo Laporte, Jono Bacon",[Simon Phipps](Simon_Phipps_(programmer)https://en.wikipedia.org/wiki/),Former Open Source Program Manager at [Sun Microsystems](https://en.wikipedia.org/wiki/Sun_Microsystems)
Episode 114,"March 25, 2010","Leo Laporte, Jono Bacon",Amber Graner,[Ada Lovelace Day](Ada_Lovelace#https://en.wikipedia.org/wiki/Commemoration)
Episode 115,"April 1, 2010","Leo Laporte, Randal Schwartz, Jono Bacon",Doug Smith,ACM/IEEE Super Computing Challenge
Episode 116,"April 8, 2010","Leo Laporte, Randal Schwartz",James Snyder,eLua
Episode 117,"April 20, 2010",Randal Schwartz,Bob Jacobsen,[JMRI.org](https://en.wikipedia.org/wiki/Java_Model_Railroad_Interface)
Episode 118,"April 22, 2010","Randal Schwartz, Randi Harper",Shawn Pearce,[Gerrit](Gerrit_(software)https://en.wikipedia.org/wiki/)
Episode 119,"May 6, 2010","Randal Schwartz, Aaron Newcomb","Scott Maxwell, Paolo Bellutta",Mars Rover Driver Team
Episode 120,"May 13, 2010","Randal Schwartz, Aaron Seigo",Ryan Leavengood and Niels Sascha Reedijk,[Haiku OS](Haiku_(operating_system)https://en.wikipedia.org/wiki/)
Episode 121,"May 27, 2010","Randal Schwartz, Dan Lynch",Jonathan Simpson,[Freenode](https://en.wikipedia.org/wiki/Freenode)
Episode 122,"June 3, 2010","Randal Schwartz, Aaron Seigo",[Matt Mackall](https://en.wikipedia.org/wiki/Matt_Mackall),[Mercurial](https://en.wikipedia.org/wiki/Mercurial)
Episode 123,"June 10, 2010","Randal Schwartz, Aaron Newcomb",Nichole Yankelovich,[Open Wonderland](https://en.wikipedia.org/wiki/Open_Wonderland)
Episode 124,"June 17, 2010","Randal Schwartz, Simon Phipps","Matt Ray, Mark Hinkle",Zenoss
Episode 125,"June 23, 2010","Randal Schwartz, Aaron Seigo",David Pollack,[The Lift Web Framework](Lift_(web_framework)https://en.wikipedia.org/wiki/)
Episode 126,"July 7, 2010","Randal Schwartz, Aaron Newcomb",Michael Iedema,[AskoziaPBX](https://en.wikipedia.org/wiki/AskoziaPBX)
Episode 127,"July 14, 2010","Randal Schwartz, Randi Harper",Guillermo Amaral,Open source software development in Mexico
Episode 128,"July 22, 2010","Randal Schwartz, Simon Phipps",Rick Clark,[OpenStack](https://en.wikipedia.org/wiki/OpenStack)
Episode 129,"August 6, 2010","Randal Schwartz, Aaron Seigo",Andy Gross,[Riak](https://en.wikipedia.org/wiki/Riak)
Episode 130,"August 11, 2010","Randal Schwartz, Simon Phipps","Andy Hall, Achim Hasenmuller",[VirtualBox](https://en.wikipedia.org/wiki/VirtualBox)
Episode 131,"August 20, 2010","Randal Schwartz, Dan Lynch",Stephen Hemminger,[Vyatta](https://en.wikipedia.org/wiki/Vyatta)
Episode 132,"August 27, 2010","Randal Schwartz, Dan Lynch","Dan Scott, Mike Rylander",[Evergreen Library System](Evergreen_(software)https://en.wikipedia.org/wiki/)
Episode 133,"September 2, 2010","Randal Schwartz, Scott Wilkinson",Thomas Cherryhomes,[LinuxMCE](https://en.wikipedia.org/wiki/LinuxMCE)
Episode 134,"September 8, 2010","Randal Schwartz, Aaron Newcomb",[Walter Bender](https://en.wikipedia.org/wiki/Walter_Bender),[SugarLabs](https://en.wikipedia.org/wiki/SugarLabs)
Episode 135,"September 16, 2010","Randal Schwartz, Dan Lynch",Patrick Balleux,WebcamStudio
Episode 136,"September 23, 2010",Randal Schwartz,Carsten Dominik,[Org-mode](Org-https://en.wikipedia.org/wiki/mode)
Episode 137,"September 29, 2010","Randal Schwartz, Dan Lynch",Alexander Limi,[Plone](Plone_(software)https://en.wikipedia.org/wiki/)
Episode 138,"October 11, 2010","Randal Schwartz, Aaron Newcomb",Ross Boucher,[Cappuccino](Cappuccino_(application_development_framework)https://en.wikipedia.org/wiki/)
Episode 139,"October 13, 2010","Randal Schwartz, Simon Phipps","Luis Sala, John Newton",[Alfresco](Alfresco_(software)https://en.wikipedia.org/wiki/)
Episode 140,"October 29, 2010",Randal Schwartz,Patrick Michaud,[Rakudo Perl](https://en.wikipedia.org/wiki/Rakudo)
Episode 141,"November 10, 2010","Randal Schwartz, Aaron Newcomb",James Phillips,[Membase](https://en.wikipedia.org/wiki/Membase)
Episode 142,"November 17, 2010","Randal Schwartz, Dan Lynch",Karanbir Singh,[CentOS](https://en.wikipedia.org/wiki/CentOS)
Episode 143,"November 29, 2010","Randal Schwartz, Aaron Newcomb","Jonathan Abbey, Volker Bauer",[Ganymede](Ganymede_(software)https://en.wikipedia.org/wiki/)
Episode 144,"December 2, 2010","Randal Schwartz, Dan Lynch",Thomas Goirand,[Domain Technologie Control](https://en.wikipedia.org/wiki/Domain_Technologie_Control)
Episode 145,"December 16, 2010",Randal Schwartz,[Jono Bacon](https://en.wikipedia.org/wiki/Jono_Bacon),[Severed Fifth](https://en.wikipedia.org/wiki/Severed_Fifth)
Episode 146,"December 30, 2010","Randal Schwartz, Simon Phipps",Marc Laporte,[Tiki Wiki CMS Groupware](https://en.wikipedia.org/wiki/Tiki_Wiki_CMS_Groupware)
Episode 147,"January 5, 2011","Dan Lynch, Aaron Newcomb",Fred Dixon,[BigBlueButton](https://en.wikipedia.org/wiki/BigBlueButton)
Episode 148,"January 12, 2011","Randal Schwartz, Aaron Newcomb","James Cotton, David Ankers",[OpenPilot](https://en.wikipedia.org/wiki/OpenPilot)
Episode 149,"January 19, 2011","Randal Schwartz, Dan Lynch",John Hogg,[VoltDB](https://en.wikipedia.org/wiki/VoltDB)
Episode 150,"January 26, 2011","Randal Schwartz, Aaron Newcomb",John Wiegley,[Ledger](Ledger_(software)https://en.wikipedia.org/wiki/)
Episode 151,"February 2, 2011","Dan Lynch, Aaron Newcomb","Chris Donough, Mark Ramm",[Pylons](Pylons_project#https://en.wikipedia.org/wiki/Pylons_Framework)
Episode 152,"February 9, 2011","Dan Lynch, Simon Phipps",[Fosdem](https://en.wikipedia.org/wiki/Fosdem)
Episode 153,"February 16, 2011","Dan Lynch, Aaron Newcomb",Venkat Ramasamy,[Tonidoplug](https://en.wikipedia.org/wiki/Tonido)
Episode 154,"February 23, 2011","Randal Schwartz, Simon Phipps",Jeremy Carbaugh,[Sunlight Labs](https://en.wikipedia.org/wiki/Sunlight_Foundation)
Episode 155,"March 2, 2011","Randal Schwartz, Aaron Newcomb","Ludovic Marcotte, Oliver Bilodeau",[PacketFence](https://en.wikipedia.org/wiki/PacketFence)
Episode 156,"March 9, 2011","Dan Lynch, Aaron Newcomb",Dan Walsh,[SELinux](https://en.wikipedia.org/wiki/SELinux)
Episode 157,"March 16, 2011","Randal Schwartz, Aaron Newcomb","Michael Yap, Tiensoon Law",[Joget Workflow](https://en.wikipedia.org/wiki/Joget_Workflow)
Episode 158,"March 23, 2011","Randal Schwartz, Dan Lynch","Darren Schreiber, James Aimonetti",2600hz
Episode 159,"March 30, 2011","Randal Schwartz, Dan Lynch",[Gilad Bracha](https://en.wikipedia.org/wiki/Gilad_Bracha),[Newspeak](Newspeak_(programming_language)https://en.wikipedia.org/wiki/)
Episode 160,"April 6, 2011","Randal Schwartz, Simon Phipps",David A. Wheeler,Open Source Software at the [Department of Defense](https://en.wikipedia.org/wiki/United_States_Department_of_Defense)
Episode 161,"April 13, 2011","Randal Schwartz, Randi Harper",Jason Huggins,[Selenium](Selenium_(software)https://en.wikipedia.org/wiki/)
Episode 162,"April 20, 2011","Randal Schwartz, Aaron Newcomb",Emil Ivov,[Jitsi](https://en.wikipedia.org/wiki/Jitsi)
Episode 163,"April 28, 2011","Randal Schwartz, Simon Phipps","Philip Brown, Ben Walton",[OpenCSW](https://en.wikipedia.org/wiki/OpenCSW)
Episode 164,"May 4, 2011","Aaron Newcomb, Randi Harper",Dustin J. Mitchell,[BuildBot](https://en.wikipedia.org/wiki/BuildBot)
Episode 165,"May 11, 2011","Aaron Newcomb, Dan Lynch",Demise of FLOSS
Episode 166,"May 18, 2011","Randal Schwartz, Dan Lynch",Sam Spilsbury,[Compiz](https://en.wikipedia.org/wiki/Compiz)
Episode 167,"May 25, 2011","Randal Schwartz, Aaron Newcomb",[Matthew Flatt](https://en.wikipedia.org/wiki/Matthew_Flatt),[Racket](Racket_(programming_language)https://en.wikipedia.org/wiki/)
Episode 168,"June 1, 2011",Dan Lynch,"Michael Proper, [David Loper](https://en.wikipedia.org/wiki/David_Loper)",[ClearOS](https://en.wikipedia.org/wiki/ClearOS)
Episode 169,"June 8, 2011","Randal Schwartz, Simon Phipps",[Kohsuke Kawaguchi](https://en.wikipedia.org/wiki/Kohsuke_Kawaguchi),[Jenkins](Jenkins_(software)https://en.wikipedia.org/wiki/)
Episode 170,"June 15, 2011","Randal Schwartz, Randi Harper",Curtis Jewell,[Strawberry Perl](https://en.wikipedia.org/wiki/Strawberry_Perl)
Episode 171,"June 22, 2011","Randal Schwartz, Dan Lynch",[Bradley M. Kuhn](Bradley_M.https://en.wikipedia.org/wiki/_Kuhn),[Software Freedom Conservancy](https://en.wikipedia.org/wiki/Software_Freedom_Conservancy)
Episode 172,"June 29, 2011","Dan Lynch, Aaron Newcomb",[Travis Tidwell](https://en.wikipedia.org/wiki/Travis_Tidwell),MediaFront
Episode 173,"July 6, 2011",Aaron Newcomb,Randal Schwartz,Lessons Learned from [FLOSSing Weekly](https://en.wikipedia.org/wiki/Floss_weekly)
Episode 174,"July 13, 2011","Aaron Newcomb, Dan Lynch",Neal Gompa,Enano CMS
Episode 175,"July 20, 2011","Randal Schwartz, Dan Lynch","Paul Beckingham, [Federico Hernandez](https://en.wikipedia.org/wiki/Federico_Hernandez)",[Taskwarrior](https://en.wikipedia.org/wiki/Taskwarrior)
Episode 176,"August 3, 2011","Randal Schwartz, Randi Harper",[Colin Percival](https://en.wikipedia.org/wiki/Colin_Percival),[Tarsnap](https://en.wikipedia.org/wiki/Tarsnap) and [FreeBSD](https://en.wikipedia.org/wiki/FreeBSD)/[EC2](https://en.wikipedia.org/wiki/Amazon_EC2)
Episode 177,"August 10, 2011","Randal Schwartz, Dan Lynch",Perry McDowell,[Delta3D](https://en.wikipedia.org/wiki/Delta3D)
Episode 178,"August 17, 2011","Randal Schwartz, Randi Harper",[Chris Schoeneman](https://en.wikipedia.org/wiki/Chris_Schoeneman),[Synergy](Synergy_(software)https://en.wikipedia.org/wiki/)
Episode 179,"August 24, 2011","Randal Schwartz, Aaron Newcomb","Leif Hedstrom, Bryan Call",The Apache Traffic Server
Episode 180,"August 31, 2011","Randal Schwartz, Dan Lynch",Adam Armstrong,Observium
Episode 181,"September 7, 2011","Randal Schwartz, Dan Lynch",Tomaz Muraus,Libcloud
Episode 182,"September 14, 2011","Aaron Newcomb, Randi Harper",[Kris Moore](https://en.wikipedia.org/wiki/Kris_Moore),[PC-BSD](PC-https://en.wikipedia.org/wiki/BSD)
Episode 183,"September 21, 2011","Randal Schwartz, Dan Lynch",Jonathan Ellis,[Cassandra](https://en.wikipedia.org/wiki/Apache_Cassandra)
Episode 184,"September 28, 2011","Aaron Newcomb, Simon Phipps",Graziano Obertelli,[Eucalyptus](Eucalyptus_(computing)https://en.wikipedia.org/wiki/)
Episode 185,"October 5, 2011","Dan Lynch, Simon Phipps",[Francis Irving](https://en.wikipedia.org/wiki/Francis_Irving),[ScraperWiki](https://en.wikipedia.org/wiki/ScraperWiki)
Episode 186,"October 12, 2011","Aaron Newcomb, Dan Lynch",Julien Genestoux,[Superfeedr](https://en.wikipedia.org/wiki/Superfeedr)
Episode 187,"October 19, 2011","Randal Schwartz, Aaron Newcomb",Joonas Lehtinen,[Vaadin](https://en.wikipedia.org/wiki/Vaadin)
Episode 188,"October 26, 2011","Randal Schwartz, Dan Lynch",Massimo Di Pierro,[web2py](https://en.wikipedia.org/wiki/web2py)
Episode 189,"November 2, 2011","Randal Schwartz, Aaron Newcomb",Jeffrey Thalhammer,[Perl::Critic](Perl::https://en.wikipedia.org/wiki/Critic)
Episode 190,"November 9, 2011","Randal Schwartz, Simon Phipps",Antonio Scuri,[IUP](IUP_(software)https://en.wikipedia.org/wiki/)
Episode 191,"November 16, 2011","Randal Schwartz, Simon Phipps",Thomas S. Hatch,[Salt](Salt_(software)https://en.wikipedia.org/wiki/)
Episode 192,"November 23, 2011","Dan Lynch, Simon Phipps",Jim Killock,[Open Rights Group](https://en.wikipedia.org/wiki/Open_Rights_Group)
Episode 193,"November 30, 2011","Randal Schwartz, Aaron Newcomb",James Tauber,Pinax
Episode 194,"December 14, 2011","Randal Schwartz, Simon Phipps",[Michael Widenius](https://en.wikipedia.org/wiki/Michael_Widenius),[MySQL](https://en.wikipedia.org/wiki/MySQL) and [MariaDB](https://en.wikipedia.org/wiki/MariaDB)
Episode 195,"December 21, 2011","Randal Schwartz, Aaron Newcomb",[Pieter Hintjens](https://en.wikipedia.org/wiki/Pieter_Hintjens),[ZeroMQ](https://en.wikipedia.org/wiki/ZeroMQ)
Episode 196,"January 4, 2012","Randal Schwartz, Aaron Newcomb","Steve Song, Terry Gillett",[Village Telco](https://en.wikipedia.org/wiki/Village_Telco)
Episode 197,"January 11, 2012","Randal Schwartz, Dan Lynch",Sam Aaron,Overtone
Episode 198,"January 18, 2012","Dan Lynch, Simon Phipps",James T. Nixon III,[FreeNAS](https://en.wikipedia.org/wiki/FreeNAS)
Episode 199,"January 25, 2012","Randal Schwartz, Aaron Newcomb",David Skoll,[Remind](https://en.wikipedia.org/wiki/Remind)
Episode 200,"February 1, 2012","Randal Schwartz, Dan Lynch","Meneghal Rodrigues, Cleber Rosa",[Auto Test](https://en.wikipedia.org/wiki/Auto_Test)
Episode 201,"February 8, 2012","Dan Lynch, Simon Phipps",Sastry Malladi,Turmeric
Episode 202,"February 22, 2012","Dan Lynch, Simon Phipps",Crystal Hammer,[Stunt Rally](https://en.wikipedia.org/wiki/Stunt_Rally)
Episode 203,"March 7, 2012","Randal Schwartz, Dan Lynch","Karsten Wade, Itamar Heim",[oVirt](https://en.wikipedia.org/wiki/oVirt)
Episode 204,"March 14, 2012","Randal Schwartz, Simon Phipps",David Lutterkort,[Deltacloud](https://en.wikipedia.org/wiki/Deltacloud)
Episode 205,"March 28, 2012","Randal Schwartz, Aaron Newcomb","Francesco Vollero, Tomas Sedovic",[Aeolus](Aeolus_(software)https://en.wikipedia.org/wiki/)
Episode 206,"April 4, 2012","Randal Schwartz, Dan Lynch",Yannick Warnier,[Chamilo](https://en.wikipedia.org/wiki/Chamilo)
Episode 207,"April 11, 2012","Randal Schwartz, Aaron Newcomb",Denis Defreyne,[Nanoc](https://en.wikipedia.org/wiki/Nanoc)
Episode 208,"April 25, 2012","Randal Schwartz, Randi Harper",Liz Quilty,Liz Quilty
Episode 209,"May 2, 2012","Randal Schwartz, Simon Phipps",Art Cancro,[Citadel](Citadel_(software)https://en.wikipedia.org/wiki/)
Episode 210,"May 9, 2012","Randal Schwartz, Aaron Newcomb",Sean Schofield,[Spree Commerce](https://en.wikipedia.org/wiki/Spree_Commerce)
Episode 211,"May 16, 2012",Randal Schwartz,Mark Atwood,[OpenShift](https://en.wikipedia.org/wiki/OpenShift)
Episode 212,"May 23, 2012","Randal Schwartz, Aaron Newcomb",Jeff Horelick,[Gentoo](https://en.wikipedia.org/wiki/Gentoo_Linux)
Episode 213,"June 6, 2012","Randal Schwartz, Simon Phipps","Guido Günther, Eric Blake",[libvirt](https://en.wikipedia.org/wiki/libvirt)
Episode 214,"June 13, 2012","Dan Lynch, Simon Phipps","Charles-H. Schulz, [Michael Meeks](Michael_Meeks_(software_developer)https://en.wikipedia.org/wiki/)",[LibreOffice](https://en.wikipedia.org/wiki/LibreOffice)
Episode 215,"June 20, 2012","Randal Schwartz, Dan Lynch",Johannes Book,Excito
Episode 216,"June 28, 2012","Randal Schwartz, Simon Phipps",Geoffrey De Smet,[Drools](https://en.wikipedia.org/wiki/Drools) Planner
Episode 217,"July 11, 2012","Randal Schwartz, Aaron Newcomb","Sebastian Stadil, Julien Rialan",[Scalr](https://en.wikipedia.org/wiki/Scalr)
Episode 218,"July 18, 2012",Randal Schwartz,"Stephen Coller, Simon Phipps",Live at [OSCON](O'https://en.wikipedia.org/wiki/Reilly_Open_Source_Convention)
Episode 219,"July 25, 2012","Dan Lynch, Aaron Newcomb",Adam Jacob,[Chef](Chef_(software)https://en.wikipedia.org/wiki/)
Episode 220,"August 1, 2012","Aaron Newcomb, Dan Lynch","Karl Anderson, Darren Schreiber",Kazoo
Episode 221,"August 8, 2012","Randal Schwartz, Simon Phipps","Giancarlo Niccolai, Paul Davey",The Falcon Programming Language
Episode 222,"August 15, 2012","Randal Schwartz, Simon Phipps",John Mertic,[SugarCRM](https://en.wikipedia.org/wiki/SugarCRM)
Episode 223,"August 22, 2012","Randal Schwartz, Aaron Newcomb",Paolo Juvara,[Openbravo](https://en.wikipedia.org/wiki/Openbravo)
Episode 224,"August 29, 2012","Randal Schwartz, Dan Lynch",Ed Boyajian,[PostgreSQL](https://en.wikipedia.org/wiki/PostgreSQL) and [EnterpriseDB](https://en.wikipedia.org/wiki/EnterpriseDB)
Episode 225,"September 5, 2012","Randal Schwartz, Dan Lynch",[Jessica McKellar](https://en.wikipedia.org/wiki/Jessica_McKellar),[Twisted](Twisted_(software)https://en.wikipedia.org/wiki/)
Episode 226,"September 13, 2012","Randal Schwartz, Aaron Newcomb","Eric Stackpole, Bran Soren",[OpenROV](https://en.wikipedia.org/wiki/OpenROV)
Episode 227,"September 19, 2012","Randal Schwartz, Simon Phipps",Matt Geise,[Jaspersoft](JasperReports#https://en.wikipedia.org/wiki/Jaspersoft)
Episode 228,"October 3, 2012","Randal Schwartz, Dan Lynch",Dr. Flavio Villanustre,[HPCC](https://en.wikipedia.org/wiki/HPCC) Systems
Episode 229,"October 17, 2012","Randal Schwartz, Dan Lynch","Dor Laor, Avi Kivityr",[KVM](Kernel-https://en.wikipedia.org/wiki/based_Virtual_Machine)
Episode 230,"October 24, 2012","Aaron Newcomb, Simon Phipps","Rob Taylor, Lars Wirzenius",Baserock
Episode 231,"October 31, 2012","Aaron Newcomb, Dan Lynch","Steve Loranz, Ian McLeod",imagefactory
Episode 232,"November 7, 2012","Randal Schwartz, Aaron Newcomb",Guillaume Binet,Err Chatbot
Episode 233,"November 21, 2012","Randal Schwartz, Simon Phipps",David Mason,Zanata
Episode 234,"November 28, 2012","Randal Schwartz, Aaron Newcomb",Ohad Levy,The Foreman
Episode 235,"December 5, 2012","Randal Schwartz, Dan Lynch",Jeff Fischer,Broadleaf Commerce
Episode 236,"December 19, 2012","Randal Schwartz, Simon Phipps",Michael Snoyman,[Yesod](Yesod_(web_framework)https://en.wikipedia.org/wiki/)
Episode 237,"January 9, 2013","Randal Schwartz, Aaron Newcomb",Matt Ranney,[Node.js](Node.https://en.wikipedia.org/wiki/js)
Episode 238,"January 16, 2013","Randal Schwartz, Dan Lynch",Denis Bilenko,Gevent
Episode 239,"January 23, 2013","Randal Schwartz, Simon Phipps",Franz Maruna,[Concrete CMS](https://en.wikipedia.org/wiki/concrete5)
Episode 240,"January 30, 2013","Randal Schwartz, Dan Lynch",Georg Holzmann,Auphonic
Episode 241,"February 6, 2013","Randal Schwartz, Aaron Newcomb","Steffen Schwigon, Maik Hentsche",Tapper
Episode 242,"February 13, 2013","Dan Lynch, Randi Harper",Christopher Webber,[MediaGoblin](https://en.wikipedia.org/wiki/MediaGoblin)
Episode 243,"February 20, 2013","Aaron Newcomb, Dan Lynch","Arjan Scherpenisse, Marc Worrell",Zotonic
Episode 244,"March 6, 2013","Aaron Newcomb, Randi Harper",Mark Story,[CakePHP](https://en.wikipedia.org/wiki/CakePHP)
Episode 245,"March 20, 2013","Randal Schwartz, Aaron Newcomb",Seth Ladd,[Dart](Dart_(programming_language)https://en.wikipedia.org/wiki/)
Episode 246,"March 27, 2013","Randal Schwartz, Aaron Newcomb",Jeff Thalhammer,Pinto
Episode 247,"April 10, 2013","Randal Schwartz, Randi Harper","Chip Childers, David Nalley",[Apache CloudStack](https://en.wikipedia.org/wiki/Apache_CloudStack)
Episode 248,"April 17, 2013","Randal Schwartz, Dan Lynch",Dwayne Bailey,[Pootle](https://en.wikipedia.org/wiki/Pootle)
Episode 249,"April 24, 2013","Randal Schwartz, Aaron Newcomb",Michal Cihar,[Weblate](https://en.wikipedia.org/wiki/Weblate)
Episode 250,"May 1, 2013","Randal Schwartz, Aaron Newcomb",Sage Weil,[Ceph](Ceph_(software)https://en.wikipedia.org/wiki/)
Episode 251,"May 8, 2013","Dan Lynch, Randi Harper",Steven Hazel,Sauce Labs
Episode 252,"May 22, 2013","Randal Schwartz, Simon Phipps",Jono Bacon,[Ubuntu Phone](https://en.wikipedia.org/wiki/Ubuntu_Touch)
Episode 253,"May 29, 2013","Randal Schwartz, Dan Lynch",[Roberto Rosario](https://en.wikipedia.org/wiki/Roberto_Rosario),[Mayan EDMS](Mayan_(software)https://en.wikipedia.org/wiki/)
Episode 254,"June 5, 2013","Randal Schwartz, Dan Lynch","Gerald Spreer, Ian Barrow",The Maker
Episode 255,"June 12, 2013","Randal Schwartz, Aaron Newcomb",Keith Casey,[web2project](https://en.wikipedia.org/wiki/web2project)
Episode 256,"June 26, 2013","Randal Schwartz, Aaron Newcomb",David Carver,Serenity for Android
Episode 257,"July 17, 2013","Randal Schwartz, Gareth Greenaway",Michael DeHaan,[Ansibleworks](Ansible_(software)https://en.wikipedia.org/wiki/)
Episode 258,"July 24, 2013","Randal Schwartz, Simon Phipps",John Dickinson,[OpenStack](https://en.wikipedia.org/wiki/OpenStack) Swift
Episode 259,"July 31, 2013","Randal Schwartz, Simon Phipps","Jeff Hawkins, [Mark Shuttleworth](https://en.wikipedia.org/wiki/Mark_Shuttleworth), et al.",[OSCON](O'https://en.wikipedia.org/wiki/Reilly_Open_Source_Convention) 2013
Episode 260,"August 7, 2013","Randal Schwartz, Gareth Greenaway",Ton Voon,Opsview
Episode 261,"August 14, 2013","Randal Schwartz, Dan Lynch","Zohar Babin, Michael Dale",[Kaltura](https://en.wikipedia.org/wiki/Kaltura)
Episode 262,"August 21, 2013","Randal Schwartz, Gareth Greenaway",Thomas Hatch,[SaltStack Redux](Salt_(software)https://en.wikipedia.org/wiki/)
Episode 263,"September 4, 2013","Aaron Newcomb, Dan Lynch","Martin Leadbeater, Mike O'Connor",ClockWork
Episode 264,"September 11, 2013",Dan Lynch,Jon Spriggs,CampFireManager
Episode 265,"September 18, 2013","Randal Schwartz, Aaron Newcomb",Gregers Petersen,[OpenWrt](https://en.wikipedia.org/wiki/OpenWrt)
Episode 266,"September 25, 2013","Randal Schwartz, Gareth Greenaway",Kyle Johnson,[ZoneMinder](https://en.wikipedia.org/wiki/ZoneMinder)
Episode 267,"October 2, 2013","Randal Schwartz, Aaron Newcomb",Michael Christen,[YaCy](https://en.wikipedia.org/wiki/YaCy)
Episode 268,"October 9, 2013","Dan Lynch, Gareth Greenaway",Gerald Combs,[Wireshark](https://en.wikipedia.org/wiki/Wireshark)
Episode 269,"October 16, 2013","Randal Schwartz, Aaron Newcomb",Jason Kridner,[Beagleboard](https://en.wikipedia.org/wiki/Beagleboard)
Episode 270,"October 23, 2013","Randal Schwartz, Gareth Greenaway",Tim Sutton,[QGIS](https://en.wikipedia.org/wiki/QGIS)
Episode 271,"October 30, 2013","Randal Schwartz, Gareth Greenaway","Robert Schweikert, Jos Poortvliet",[OpenSUSE](https://en.wikipedia.org/wiki/OpenSUSE) Summit
Episode 272,"November 6, 2013","Dan Lynch, Aaron Newcomb",Thomas Perl,gPodder
Episode 273,"November 13, 2013","Aaron Newcomb, Gareth Greenaway","Dave Neary, Rich Bowen",RDO
Episode 274,"November 27, 2013","Simon Phipps, Dan Lynch",Frank Karlitschek,[ownCloud](https://en.wikipedia.org/wiki/ownCloud)
Episode 275,"December 4, 2013","Aaron Newcomb, Dan Lynch",Carlos Puchol,Amahi redo
Episode 276,"December 11, 2013","Randal Schwartz, Gareth Greenaway","Tony Lewis, Andrew Nagy",[FreePBX](https://en.wikipedia.org/wiki/FreePBX)
Episode 277,"December 18, 2013","Randal Schwartz, Gareth Greenaway","Tobias Mattsson, Zak Greant",[Magnolia](Magnolia_(CMS)https://en.wikipedia.org/wiki/) and Blossom
Episode 278,"January 8, 2014","Randal Schwartz, Aaron Newcomb",Jacob Cook,arkOS
Episode 279,"January 15, 2014","Randal Schwartz, Gareth Greenaway","Orv Beach, Ilan Rabinovitch",SCaLE 12X
Episode 280,"January 22, 2014","Randal Schwartz, Simon Phipps",[Roberto Rosario](https://en.wikipedia.org/wiki/Roberto_Rosario),LIBRE API
Episode 281,"January 29, 2014","Randal Schwartz, Guillermo Amaral","Mo Morsi, Nico Satragno",Omegaverse
Episode 282,"February 5, 2014","Randal Schwartz, Randi Harper",Jeremiah C. Foster,[GENIVI](https://en.wikipedia.org/wiki/GENIVI_Alliance)
Episode 283,"February 12, 2014","Randal Schwartz, Aaron Newcomb",Sarah Novotny,[nginx](https://en.wikipedia.org/wiki/nginx)
Episode 284,"February 19, 2014","Randal Schwartz, Dan Lynch",Francesc Campoy Flores,[The Go Language](Go_(programming_language)https://en.wikipedia.org/wiki/)
Episode 285,"February 26, 2014","Randal Schwartz, Aaron Newcomb",Chris Burroughs,Hydra
Episode 286,"March 5, 2014","Randal Schwartz, Guillermo Amaral","Tom Spilman, Dominique Louis",[MonoGame](https://en.wikipedia.org/wiki/MonoGame)
Episode 287,"March 12, 2014","Randal Schwartz, Joe Bronkmeier",Christian Mueller,[TYPO3](https://en.wikipedia.org/wiki/TYPO3)
Episode 288,"March 19, 2014","Randal Schwartz, Gareth Greenaway","Gabriela Brenes, Luis Falcón",[GNU Health](https://en.wikipedia.org/wiki/GNU_Health)
Episode 289,"April 9, 2014","Aaron Newcomb, Dan Lynch","Ed Cable, Vishwas Babu",Mifos X
Episode 290,"April 16, 2014","Randal Schwartz, Gareth Greenaway",Johnathan Xu,Seafile
Episode 291,"April 23, 2014","Randal Schwartz, Simon Phipps","Ross Reedstrom, Kathi Fletcher",[OpenStax CNX](https://en.wikipedia.org/wiki/OpenStax_CNX)
Episode 292,"May 1, 2014","Randal Schwartz, Joe Brockmeier",Simon St.Laurent,[OSCON](O'https://en.wikipedia.org/wiki/Reilly_Open_Source_Convention)
Episode 293,"May 7, 2014","Randal Schwartz, Guillermo Amaral",Emil Ivov,[Jitsi](https://en.wikipedia.org/wiki/Jitsi) Meet
Episode 294,"May 14, 2014","Randal Schwartz, Dan Lynch","Mark A. Matienzo, Mark Breedlove",[Digital Public Library of America](https://en.wikipedia.org/wiki/Digital_Public_Library_of_America)
Episode 295,"May 21, 2014","Randal Schwartz, Randi Harper","Mike Gabriel, Michael DePaulo",X2Go
Episode 296,"May 28, 2014","Randal Schwartz, Aaron Newcomb","Liam Randall, Seth Hall",[Bro](Bro_(software)https://en.wikipedia.org/wiki/)
Episode 297,"June 4, 2014","Randal Schwartz, Gareth Greenaway",Simon Tennant,Buddycloud
Episode 298,"June 18, 2014","Dan Lynch, Joe Brockmeier",Petar Maymounkov,Tonika
Episode 299,"July 2, 2014","Randal Schwartz, Gareth Greenaway",Jeremy Davis,[Turnkey Linux](https://en.wikipedia.org/wiki/TurnKey_Linux_Virtual_Appliance_Library)
Episode 300,"July 9, 2014","Randal Schwartz, Aaron Newcomb, Dan Lynch",Chris DiBona,The Big 300
Episode 301,"July 16, 2014",Randal Schwartz,"Arun Gupta, Simon St. Laurent",OSCON Kids Day
Episode 302,"July 23, 2014","Randal Schwartz, Simon Phipps",Dr. Anil Madhavapeddy,Open Mirage
Episode 303,"July 30, 2014","Randal Schwartz, Dan Lynch","Manuel Araoz, Ryan X Charles",Bitcore
Episode 304,"August 13, 2014","Randal Schwartz, Gareth Greenaway",Bryan Smith,Fossetcon
Episode 305,"August 20, 2014","Randal Schwartz, Aaron Newcomb",Jodok Batlogg,Crate Data
Episode 306,"August 28, 2014","Dan Lynch, Guillermo Amaral",Hadley Wickham,[RStudio](https://en.wikipedia.org/wiki/RStudio)
Episode 307,"September 3, 2014","Joe Brockmeier, Gareth Greenaway",Hugh Howey,Self-Publishing
Episode 308,"September 10, 2014","Randal Schwartz, Dan Lynch",Jonathon Morgan,CrisisNET
Episode 309,"September 17, 2014","Aaron Newcomb, Guillermo Amaral",David E. Wheeler,Sqitch
Episode 310,"October 1, 2014","Gareth Greenaway, Guillermo Ameral",Randal Schwartz,Ask Randal Anything!
Episode 311,"October 8, 2014","Randal Schwartz, Dan Lynch","Andrei Alexandrescu, Walter Bright",[The D Language](D_(programming_language)https://en.wikipedia.org/wiki/)
Episode 312,"October 15, 2014","Aaron Newcomb, Guillermo Amaral",Kai Kreuzer,openHAB
Episode 313,"October 22, 2014","Randal Schwartz, Simon Phipps",Artur Ven,[FenixEdu](https://en.wikipedia.org/wiki/FenixEdu)
Episode 314,"October 29, 2014","Randal Schwartz, Guillermo Amaral",Brandon Philips,[CoreOS](https://en.wikipedia.org/wiki/CoreOS)
Episode 315,"November 5, 2014","Aaron Newcomb, Gareth Greenaway",Slava Akhmechet,RethinkDB
Episode 316,"November 19, 2014","Randal Schwartz, Dan Lynch",Emily Richards,[ccMixter](https://en.wikipedia.org/wiki/ccMixter)
Episode 317,"November 26, 2014","Randal Schwartz, Aaron Newcomb",Will Gorman,[Pentaho](https://en.wikipedia.org/wiki/Pentaho)
Episode 318,"December 10, 2014","Simon Phipps, Dan Lynch",[Jeff Kaufman](https://en.wikipedia.org/wiki/Jeff_Kaufman),mod_pagespeed
Episode 319,"December 17, 2014","Randal Schwartz, Joe Brockmeier",Mathew Miller,[Fedora 21](Fedora_(operating_system)https://en.wikipedia.org/wiki/)
Episode 320,"January 7, 2015","Randal Schwartz, Guillermo Amaral",[Richard Hipp](https://en.wikipedia.org/wiki/Richard_Hipp),[Fossil](Fossil_(software)https://en.wikipedia.org/wiki/)
Episode 321,"January 14, 2015","Randal Schwartz, Gareth Greenaway",Andrew Roland,Marpa
Episode 322,"January 21, 2015","Randal Schwartz, Guillermo Amaral",Aaron Seigo,[Kolab](https://en.wikipedia.org/wiki/Kolab)
Episode 323,"January 28, 2015","Randal Schwartz, Gareth Greenaway",Avni Khatri,Kids On Computers
Episode 324,"February 4, 2015","Randal Schwartz, Aaron Newcomb",Boudewijn Rempt,[Krita](https://en.wikipedia.org/wiki/Krita)
Episode 325,"February 11, 2015","Randal Schwartz, Dan Lynch",Andrea Antonello,Geopaparazzi
Episode 326,"February 25, 2015","Randal Schwartz, Dan Lynch","Patrick Masson, Simon Phipps",[The Open Source Initiative](https://en.wikipedia.org/wiki/Open_Source_Initiative)
Episode 327,"March 4, 2015","Randal Schwartz, Aaron Newcomb",Aaron Titus,Cleanup Crisis
Episode 328,"March 11, 2015","Randal Schwartz, Dan Lynch",Evan Powell,StackStorm
Episode 329,"March 18, 2015","Simon Phipps, Dan Lynch",Simon Bennetts,OWASP ZAP
Episode 330,"April 1, 2015","Randal Schwartz, Gareth Greenaway",Solomon Hykes,[Docker](Docker_(software)https://en.wikipedia.org/wiki/)
Episode 331,"April 8, 2015","Randal Schwartz, Dan Lynch",Randi Harper,OAPI
Episode 332,"April 15, 2015","Randal Schwartz, Guillermo Amaral","Ramiro Neves, Ricardo Miranda",MOHID
Episode 333,"April 22, 2015","Randal Schwartz, Dan Lynch",Tim Pritlove,Podlove
Episode 334,"April 29, 2015","Randal Schwartz, Gareth Greenaway","Kirill Kolyshkin, Pavel Emelyanov",[CRIU](https://en.wikipedia.org/wiki/CRIU)
Episode 335,"May 6, 2015","Randal Schwartz, Dan Lynch",Pablo Ruiz,Taiga.io
Episode 336,"May 13, 2015","Randal Schwartz, Guillermo Amaral","Mike Meyer, Geoffrey Hausheer",deviationTx
Episode 337,"May 20, 2015","Randal Schwartz, Simon Phipps","Stephen Pair, Matias Alejo Garcia",Copay
Episode 338,"May 27, 2015","Randal Schwartz, Dan Lynch","Andrew Dixon, Gert Franz",[Lucee](https://en.wikipedia.org/wiki/Lucee)
Episode 339,"June 3, 2015","Dan Lynch, Gareth Greenway","Ilya Dmitrichenko, Bryan Boreham",Weave
Episode 340,"June 10, 2015","Randal Schwartz, Aaron Newcomb",Mounir Idrassi,[VeraCrypt](https://en.wikipedia.org/wiki/VeraCrypt)
Episode 341,"June 17, 2015","Randal Schwartz, Guillermo Amaral",Pierros Papadeas,[SatNOGS](https://en.wikipedia.org/wiki/SatNOGS)
Episode 342,"June 24, 2015","Randal Schwartz, Gareth Greenaway","Joey Krug, Dr. Jack Peterson",[Augur](Augur_(Prediction_Market)https://en.wikipedia.org/wiki/)
Episode 343,"July 1, 2015","Randal Schwartz, Guillermo Amaral","Anthony Minessale, Michael Jerris",[FreeSWITCH](https://en.wikipedia.org/wiki/FreeSWITCH)
Episode 344,"July 8, 2015","Aaron Newcomb, Guillermo Amaral",Rachel Roumeliotis,[OSCON](O'https://en.wikipedia.org/wiki/Reilly_Open_Source_Convention) Preview
Episode 345,"July 8, 2015","Randal Schwartz, Dan Lynch",Dmitri Popov,[digiKam](https://en.wikipedia.org/wiki/digiKam)
Episode 346,"July 22, 2015","Randal Schwartz, Simon Phipps",Heather McKelvey,[Basho](https://en.wikipedia.org/wiki/Basho_Technologies) Update
Episode 347,"July 29, 2015","Randal Schwartz, Guillermo Amaral","Bear, Peter Saint-Andre",Talky
Episode 348,"August 5, 2015","Aaron Newcomb, Dan Lynch",Simon Anderson,[OpenStack](https://en.wikipedia.org/wiki/OpenStack) Turns 5 Years Old
Episode 349,"August 12, 2015","Aaron Newcomb, Guillermo Amaral",Brandon Philips,Tectonic
Episode 350,"August 19, 2015","Randal Schwartz, Dan Lynch",Harlan Stenn,[NTP](https://en.wikipedia.org/wiki/Network_Time_Protocol)
Episode 351,"August 26, 2015","Randal Schwartz, Aaron Newcomb","Brian Grant, Tim Hockin",[Kubernetes](https://en.wikipedia.org/wiki/Kubernetes)
Episode 352,"September 1, 2015","Randal Schwartz, Gareth Greenaway","Michael Rash, Jonathan Bennett",fwknop
Episode 353,"September 8, 2015","Randal Schwartz, Simon Phipps",Benoit Minisini,[Gambas](https://en.wikipedia.org/wiki/Gambas)
Episode 354,"September 16, 2015","Randal Schwartz, Guillermo Amaral",Bernd Erk,[Icinga](https://en.wikipedia.org/wiki/Icinga)
Episode 355,"September 23, 2015","Randal Schwartz, Guillermo Amaral","Anselm R Garbe, Kai Hendry",[Suckless](https://en.wikipedia.org/wiki/Suckless)
Episode 356,"September 30, 2015","Randal Schwartz, Aaron Newcomb",Joshua Lifton,Crowd Supply
Episode 357,"October 7, 2015","Randal Schwartz, Aaron Newcomb",Julius Volz,Prometheus
Episode 358,"October 13, 2015","Randal Schwartz, Aaron Newcomb",Martin Sustrik,Libmill
Episode 359,"October 20, 2015","Randal Schwartz, Guillermo Amaral",Tim Ansell,Numato Opsis
Episode 360,"October 27, 2015","Randal Schwartz, Aaron Newcomb","Ryan Cousins, David Scheltema",Snickerdoodle
Episode 361,"November 3, 2015","Randal Schwartz, Gareth Greenaway",Jos Schellevis,[OPNsense](https://en.wikipedia.org/wiki/OPNsense)
Episode 362,"November 10, 2015","Randal Schwartz, Aaron Newcomb",Kasper Lund,Dart Update
Episode 363,"November 17, 2015","Randal Schwartz, Guillermo Amaral",Peter Rabbitson,DBIx::Class
Episode 364,"November 24, 2015","Aaron Newcomb, Guillermo Amaral","Matt Holt, Abiola Ibrahim",Caddy
Episode 365,"December 1, 2015","Randal Schwartz, Aaron Newcomb",Peter Hoddie,[Kinoma](https://en.wikipedia.org/wiki/Kinoma)
Episode 366,"December 8, 2015","Randal Schwartz, Guillermo Amaral",Matthieu Aubry,[Piwik](https://en.wikipedia.org/wiki/Piwik)
Episode 367,"December 15, 2015","Randal Schwartz, Simon Phipps","Manuel Vacelet, Matteo Mazzeri",[Tuleap](https://en.wikipedia.org/wiki/Tuleap)
Episode 368,"December 22, 2015","Randal Schwartz, Aaron Newcomb","Steve Ressler, Gene Ressler",Bridge Design Contest
Episode 369,"January 5, 2016","Aaron Newcomb, Simon Phipps","Chris Kleeschulte, Braydon Fuller",Bitcore 2.0
Episode 370,"January 12, 2016","Aaron Newcomb, Guillermo Amaral","Thomas Bonte, Nicolas Froment",[MuseScore](https://en.wikipedia.org/wiki/MuseScore)
Episode 371,"January 19, 2016","Randal Schwartz, Guillermo Amaral",Daniel James,[Booktype](https://en.wikipedia.org/wiki/Booktype)
Episode 372,"January 26, 2016","Randal Schwartz, Simon Phipps",Marc Boorshtein,OpenUnison
Episode 373,"February 2, 2016","Aaron Newcomb, Guillermo Amaral",Anthony Shaw,Apache Libcloud
Episode 374,"February 9, 2016","Randal Schwartz, Aaron Newcomb",Henrik Rosendahl,Openstack Astara
Episode 375,"February 16, 2016","Randal Schwartz, Simon Phipps",Simon Michael,hlegder
Episode 376,"February 23, 2016","Randal Schwartz, Guillermo Amaral","Harry van Haaren, Gianfranco Ceccolini",OpenAV & MOD
Episode 377,"March 1, 2016","Randal Schwartz, Aaron Newcomb",Alvaro Hernandez,ToroDB
Episode 378,"March 8, 2016","Randal Schwartz, Simon Phipps","Jan Lehnardt, Garren Smith",[CouchDB](https://en.wikipedia.org/wiki/CouchDB)
Episode 379,"March 15, 2016","Randal Schwartz, Aaron Newcomb","Jan Lehnardt, Jenn Turner",Hoodie
Episode 380,"March 22, 2016","Randal Schwartz, Gareth Greenaway","David Willson, Heather Willson",Linux Camp 2016
Episode 381,"March 30, 2016","Randal Schwartz, Simon Phipps",Brett Gaylor,Mozilla Encryption Campaign
Episode 382,"April 5, 2016",Randal Schwartz,"Rachel Roumeliotis, Scott Hanselman",OSCON Preview
Episode 383,"April 12, 2016","Randal Schwartz, Aaron Newcomb",Will Braswell,The Future of Perl Performance
Episode 384,"April 19, 2016","Randal Schwartz, Aaron Newcomb",Will Braswell,RPerl
Episode 385,"April 26, 2016","Randal Schwartz, Guillermo Amaral","maymay, Rebecca Crane",Buoy
Episode 386,"May 3, 2016","Randal Schwartz, Simon Phipps",David Gatti,Simpe.li
Episode 387,"May 10, 2016","Randal Schwartz, Aaron Newcomb",Mikeal Rogers,[Node.js](Node.https://en.wikipedia.org/wiki/js)
Episode 388,"May 17, 2016",Randal Schwartz,"Zohar Babin, Jess Portnoy",Kaltura
Episode 389,"May 24, 2016","Randal Schwartz, Guillermo Amaral","David Wheeler, Emily Ratliff",Best Practices Badge
Episode 390,"May 31, 2016","Randal Schwartz, Guillermo Amaral",Per Buer,[Varnish Cache](Varnish_(software)https://en.wikipedia.org/wiki/)
Episode 391,"June 7, 2016","Randal Schwartz, Gareth Greenaway",Bill Appleton,[DreamFactory](https://en.wikipedia.org/wiki/DreamFactory_Software)
Episode 392,"June 14, 2016","Randal Schwartz, Aaron Newcomb",Patrick McFadin,[Apache Cassandra](https://en.wikipedia.org/wiki/Apache_Cassandra)
Episode 393,"June 21, 2016","Randal Schwartz, Jonathan Bennett",Jesus M Gonzalez-Barahona,Bitergia
Episode 394,"June 28, 2016","Randal Schwartz, Jonathan Bennett",Max Kordek,Lisk
Episode 395,"July 5, 2016","Randal Schwartz, Guillermo Amaral",Rob Eisenberg,Aurelia
Episode 396,"July 12, 2016","Randal Schwartz, Douglas Whitfield","Brendon Gallagher, Nicole Engard",[Koha ILS](Koha_(software)https://en.wikipedia.org/wiki/)
Episode 397,"July 19, 2016","Randal Schwarz, Jonathan Bennett",Brandon Philips,[CoreOS](https://en.wikipedia.org/wiki/CoreOS) Update
Episode 398,"August 9, 2016","Aaron Newcomb, Guillermo Amaral",Mohit Bhatnagar,ClusterHQ
Episode 399,"August 16, 2016","Aaron Newcomb, Guillermo Amaral, Jonathan Bennett",Open Hardware Projects
Episode 400,"August 23, 2016","Aaron Newcomb, Simon Phipps",Frank Karlitschek,NextCloud
Episode 401,"August 30, 2016","Aaron Newcomb, Jonathan Bennett",Will Hayes,Lucidworks
Episode 402,"September 6, 2016","Aaron Newcomb, Jonathan Bennett",Midokura
Episode 403,"September 13, 2016","Aaron Newcomb, Randal Schwartz","Josh Berkus, Colin Walters",Atomic Host
Episode 404,"September 20, 2016","Randal Schwartz, Guillermo Amaral",Jared Smith,Capital One / Cloud Custodian
Episode 405,"September 27, 2016","Randal Schwartz, Jonathan Bennett",Eric Schultz,Prpl
Episode 406,"October 5, 2016","Randal Schwartz, Guillermo Amaral",Ole André Vadla Ravnås,Frida
Episode 407,"October 11, 2016","Randal Schwartz, Aaron Newcomb",Christoph Zimmermann,Linux Presentation Day
Episode 408,"October 18, 2016","Randal Schwartz, Jonathan Bennett","Jason McIntosh, Deborah Kaplan",Interactive Fiction
Episode 409,"November 1, 2016","Randal Schwartz, Aaron Newcomb","Nicole Engard, Janice Levenhagen-Seeley",ChickTech
Episode 410,"November 8, 2016","Randal Schwartz, Jonathan Bennett","Frederik ""Freso"" S. Olesen",Metabrainz
Episode 411,"November 15, 2016","Randal Schwartz, Aaron Newcomb","Robby Russell, Marc Cornellà",Oh-My-Zsh
Episode 412,"November 22, 2016","Randal Schwartz, Simon Phipps","Lauri Apple, Raffaele di Fazio",Zalando
Episode 413,"November 29, 2016","Randal Schwartz, Jonathan Bennett","Jayant Kolhe, Varun Talwar",gRPC
Episode 414,"December 6, 2016","Randal Schwartz, Guillermo Amaral","Evan Green, Chris Stevens",Minoca
Episode 415,"December 13, 2016","Randal Schwartz, Aaron Newcomb",Lasse Schuirmann,[coala](w:coala_(software)https://en.wikipedia.org/wiki/)
Episode 416,"January 3, 2017","Randal Schwartz, Simon Phipps",[Jim Hall](Jim_Hall_(computer_programmer)https://en.wikipedia.org/wiki/),[FreeDOS](https://en.wikipedia.org/wiki/FreeDOS)
Episode 417,"January 10, 2017","Aaron Newcomb, Guillermo Amaral","Fredrik Hultin, Joey Ferwerda",OpenHMD
Episode 418,"January 17, 2017","Randal Schwartz, Jonathan Bennett","Jeff Gehlbach, Tarus Balog",OpenNMS
Episode 419,"January 31, 2017","Randal Schwartz, Jonathan Bennett",Tyler Jewell,Eclipse Che
Episode 420,"February 7, 2017","Randal Schwartz, Aaron Newcomb",Chris Klimas,Twine
Episode 421,"February 14, 2017","Randal Schwartz, Jonathan Bennett","Michael S Hansen, David Hansen",Gadgetron
Episode 422,"February 21, 2017","Randal Schwartz, Aaron Newcomb",Kathy Giori,Arduino Update
Episode 423,"February 28, 2017","Randal Schwartz, Guillermo Amaral",Abhi Beckert,Sequel Pro
Episode 424,"March 7, 2017","Randal Schwartz, Guillermo Amaral","Kelsey Hightower, Rachel Roumeliotis",Oscon 2017
Episode 425,"March 14, 2017","Randal Schwartz, Jonathan Bennett",John Sullivan,LibrePlanet
Episode 426,"March 21, 2017","Randal Schwartz, Simon Phipps","Trevor Vaughan, Kendall Moore",SIMP
Episode 427,"March 28, 2017","Randal Schwartz, Aaron Newcomb","Dan Nurmi, Tim Gerla",Anchore
Episode 428,"April 4, 2017","Randal Schwartz, Jonathan Bennett","Michael Zentner, Andy Burnett",HUBzero
Episode 429,"April 11, 2017","Randal Schwartz, Guillermo Amaral",David Steele,pgBackRest
Episode 430,"April 19, 2017",Randal Schwartz,"Jonathan Bennett, Patrick Balleux",ScreenStudio
Episode 431,"April 25, 2017",Randal Schwartz,"Jonathan Bennett, Bill Sanders",Stacki
Episode 432,"May 2, 2017","Randal Schwartz, Simon Phipps",Kris Moore,FreeNAS Update
Episode 433,"May 9, 2017",Randal Schwartz,Peter Degen-Portnoy,OpenHub
Episode 434,"May 16, 2017","Randal Schwartz, Jonathan Bennett","Aparna Sinha, Michael Rubin",Kubernetes Update
Episode 435,"May 23, 2017","Randal Schwartz, Guillermo Amaral",Isaac Z. Schlueter,NPM
Episode 436,"May 30, 2017","Randal Schwartz, Jonathan Bennett","Brenton Salmi, Bryce Salmi",FaradayRF
Episode 437,"June 6, 2017","Randal Schwartz, Guillermo Amaral","Matthew Jaffee, Travis Turner",Pilosa
Episode 438,"June 13, 2017","Randal Schwartz, Jonathan Bennett",Sherrie Rohde,Magento
Episode 439,"June 20, 2017","Randal Schwartz, Jonathan Bennett",Adam Barth,Flutter
Episode 440,"June 28, 2017","Randal Schwartz, Aaron Newcomb",Stef Walter,Cockpit
Episode 441,"July 12, 2017","Randal Schwartz, Aaron Newcomb",Tague Griffith,Redis
Episode 442,"July 19, 2017","Randal Schwartz, Simon Phipps",Brian Behlendorf,Hyperledger
Episode 443,"July 26, 2017","Randal Schwartz, Jonathan Bennett",Kohsuke Kawaguchi,Jenkins
Episode 444,"August 2, 2017","Randal Schwartz, Jonathan Bennett","Phil Dougherty, Norman Joyner",Containership
Episode 445,"August 9, 2017","Randal Schwartz, Gareth Greenaway",Todd Lewis,Allthingsopen.org
Episode 446,"August 16, 2017","Randal Schwartz, Jonathan Bennett","Thorsten Behrens, Italo Vignoli",LibreOffice
Episode 447,"August 24, 2017","Randal Schwartz, Dan Lynch","Darren Schrieber, Karl Anderson",Kazoo Update
Episode 448,"September 1, 2017","Aaron Newcomb, Simon Phipps",Hugo Leisink,Hiawatha Webserver
Episode 449,"September 6, 2017","Randal Schwartz, Jonathan Bennett",Eric Hanson,Aquameta
Episode 450,"September 14, 2017","Randal Schwartz, Gareth Greenaway","Dan Wood, Hogne Titlestad",Friend
Episode 451,"September 20, 2017","Randal Schwartz, Dan Lynch","Bob Quillin, Vish (Ishaya) Abrams",Oracle Open Source
Episode 452,"September 27, 2017","Randal Schwartz, Jonathan Bennett","[Dan Kohn](https://en.wikipedia.org/wiki/Dan_Kohn), Jacob Smith",CNCF Community Infrastructure Lab
Episode 453,"October 5, 2017","Aaron Newcomb, Jonathan Bennett",Edward Thomson,libgit2
Episode 454,"October 11, 2017","Dan Lynch, Jonathan Bennett",Michael Larabel,OpenBenchmarking.org
Episode 455,"October 18, 2017","Randal Schwartz, Dan Lynch","Frank Martinez, Matt Ellis",Flogo
Episode 456,"October 25, 2017","Randal Schwartz, Jonathan Bennett",David Barrett,Bedrock
Episode 457,"November 1, 2017","Randal Schwartz, Jonathan Bennett",Fred Simon,JFrog Artifactory
Episode 458,"November 8, 2017","Randal Schwartz, Dan Lynch","Patrick Stuedi, Animesh Trivedi",Crail
Episode 459,"November 15, 2017","Randal Schwartz, Jonathan Bennett",Willard Shoko,Offnet
Episode 460,"November 22, 2017","Randal Schwartz, Aaron Newcomb",Sara Chipps,Jewelbots
Episode 461,"November 29, 2017","Randal Schwartz, Dan Lynch",Joshua Bernstein,The {code} Team
Episode 462,"December 6, 2017","Randal Schwartz, Jonathan Bennett",Jono Bacon,Evolution of Community
Episode 463,"December 13, 2017","Randal Schwartz, Simon Phipps",George Miranda,Linkerd
Episode 464,"December 20, 2017","Randal Schwartz, Jonathan Bennett",Sarkis Dallakian,PyRx
Episode 465,"January 3, 2018","Randal Schwartz, Jonathan Bennett",Robert Foss,drm_hwcomposer
Episode 466,"January 10, 2018","Randal Schwartz, Simon Phipps","John Mertic, Leonard Santalucia",Open Mainframe Project
Episode 467,"January 17, 2018","Randal Schwartz, Simon Phipps",Luis Cuende,Aragon
Episode 468,"January 24, 2018","Dan Lynch, Jonathan Bennett",Jason A. Donenfeld,WireGuard
Episode 469,"January 31, 2018","Simon Phipps, Jonathan Bennett",Garrett DAmore,nanomsg
Episode 470,"February 7, 2018","Randal Schwartz, Simon Phipps",Brian Reale,ProcessMaker
Episode 471,"February 14, 2018","Randal Schwartz, Simon Phipps",Philippe Ombredanne,ScanCode
Episode 472,"February 21, 2018","Randal Schwartz, Dan Lynch",Jim Brandt,The Perl Foundation
Episode 473,"February 28, 2018","Aaron Newcomb, Dan Lynch",Sid Sijbrandij,GitLab
Episode 474,"March 7, 2018","Randal Schwartz, Jonathan Bennett",Kevin Owocki,Gitcoin
Episode 475,"March 14, 2018","Randal Schwartz, Aaron Newcomb",Alan Clark,SUSE
Episode 476,"March 21, 2018","Simon Phipps, Jonathan Bennett","Mike MacDougall, Kris Arnold",VIPER Builder
Episode 477,"March 28, 2018","Randal Schwartz, Jonathan Bennett",Benjamin Striegel,Rust
Episode 478,"April 4, 2018","Randal Schwartz, Jonathan Bennett",Steve Springett,OWASP Dependency-Track
Episode 479,"April 11, 2018","Randal Schwartz, Simon Phipps",Gary Kramlich,[Pidgin](Pidgin_(software)https://en.wikipedia.org/wiki/)
Episode 480,"April 18, 2018","Randal Schwartz, Jonathan Bennett","Kevin Dominik Korte, Peter Ganten",Univention Corporate Server
Episode 481,"April 25, 2018","Randal Schwartz, Simon Phipps",Aniket Panjwani,Chomper
Episode 482,"May 2, 2018","Randal Schwartz, Aaron Newcomb","Dustin Ingram, Ernest W. Durbin III",PyPI
Episode 483,"May 10, 2018","Randal Schwartz, Dan Lynch","Adam Monsen, William Hale",SeaGL
Episode 484,"May 16, 2018","Simon Phipps, Jonathan Bennett","Jérémie Astori, Al McKinlay",The Lounge
Episode 485,"May 23, 2018","Randal Schwartz, Gareth Greenaway",Colton Myers,HubbleStack
Episode 486,"May 30, 2018","Randal Schwartz, Aaron Newcomb",Cees-Jan Kiewiet,ReactPHP
Episode 487,"June 6, 2018","Randal Schwartz, Jonathan Bennett",Julia Evans,rbspy
Episode 488,"June 20, 2018","Randal Schwartz, Simon Phipps","Stian Thorgersen, Sébastien Blanc",[Keycloak](https://en.wikipedia.org/wiki/Keycloak)
Episode 489,"June 27, 2018","Randal Schwartz, Jonathan Bennett",[David Siegel](David_Siegel_(entrepreneur)https://en.wikipedia.org/wiki/),Pillar
Episode 490,"July 11, 2018","Aaron Newcomb, Dan Lynch",Hypolite Petovan,Friendica
Episode 491,"July 25, 2018","Randal Schwartz, Aaron Newcomb",Quincy Larson,freeCodeCamp
Episode 492,"August 8, 2018",Randal Schwartz,"Fabian A. Scherschel, Dan Lynch",[The Legacy of Linux Outlaws](https://en.wikipedia.org/wiki/Linux_Outlaws)
Episode 493,"August 15, 2018","Randal Schwartz, Aaron Newcomb",Dan Dennedy,Shotcut
Episode 494,"August 22, 2018","Randal Schwartz, Dan Lynch",Philipp Reisner,LINSTOR
Episode 495,"August 29, 2018","Randal Schwartz, Simon Phipps","Bryan Ollendyke, Nikki Massaro Kauffman",HAX
Episode 496,"September 7, 2018","Randal Schwartz, Jonathan Bennett","Andrew Bauer, Isaac Connor",ZoneMinder
Episode 497,"September 13, 2018","Randal Schwartz, Dan Lynch",[Michael Meeks](Michael_Meeks_(software_developer)https://en.wikipedia.org/wiki/),LibreOffice Online
Episode 498,"September 19, 2018","Randal Schwartz, Aaron Newcomb",Jim Salter,Sanoid
Episode 499,"September 26, 2018","Randal Schwartz, Jonathan Bennett",Joonas Lehtinen,Vaadin
Episode 500,"October 3, 2018","Randal Schwartz, Gareth Greenaway",Vicky Brasseur,Contributing to Open Source
Episode 501,"October 10, 2018","Randal Schwartz, Dan Lynch",Drew DeVault,Sway
Episode 502,"October 17, 2018","Randal Schwartz, Gareth Greenaway",Christoph,OpenRheinRuhr Conference
Episode 503,"October 26, 2018","Randal Schwartz, Jonathan Bennett",Behind the Scenes
Episode 504,"October 31, 2018","Randal Schwartz, Jonathan Bennett",[Luis Villa](https://en.wikipedia.org/wiki/Luis_Villa),Tidelift
Episode 505,"November 7, 2018","Randal Schwartz, Dan Lynch",Michael Tunnell,This Week in Linux
Episode 506,"November 14, 2018","Randal Schwartz, Michael Tunnell",Hillel Coren,Invoice Ninja
Episode 507,"November 21, 2018","Randal Schwartz, Aaron Newcomb",Marco Palladino,Kong
Episode 508,"November 28, 2018","Randal Schwartz, Jonathan Bennett","Sam Habiel, Nancy Anthracite",VistA and RPMS
Episode 509,"December 5, 2018","Randal Schwartz, Jonathan Bennett",Francis Dinha,OpenVPN
Episode 510,"December 12, 2018","Randal Schwartz, Simon Phipps","K.S. Bhaskar, Chris Edwards",YottaDB
Episode 511,"December 19, 2018","Randal Schwartz, Aaron Newcomb",Eric Seidel,Flutter 1.0
Episode 512,"January 2, 2019","Randal Schwartz, Jonathan Bennett","Lars Kiesow, Olaf Schulte",Opencast
Episode 513,"January 9, 2019","Randal Schwartz, Simon Phipps",[Frank Karlitschek](https://en.wikipedia.org/wiki/Frank_Karlitschek),Nextcloud
Episode 514,"January 16, 2019","Randal Schwartz, Michael Tunnell","Riccardo Spagni, Naveen Jain",Tari
Episode 515,"January 30, 2019","Randal Schwartz, Aaron Newcomb",Lars Kurth,Xen Update
Episode 516,"February 6, 2019","Randal Schwartz, Jonathan Bennett",Ben Bromhead,Open Source at Instaclustr
Episode 517,"February 13, 2019","Randal Schwartz, Dan Lynch",Caroline Keep,Liverpool MakeFest
Episode 518,"February 22, 2019","Randal Schwartz, Aaron Newcomb",Carol Smith,ClearlyDefined
Episode 519,"February 27, 2019","Randal Schwartz, Jonathan Bennett",Matthew Spoke,Aion
Episode 520,"March 6, 2019","Randal Schwartz, Aaron Newcomb",Mohamed Ahmed,Magalix
Episode 521,"March 13, 2019","Randal Schwartz, Simon Phipps",Dave McLoughlin,Flexera Open Source Report
Episode 522,"March 20, 2019","Randal Schwartz, Dan Lynch",David A. Wheeler,Railroader
Episode 523,"March 27, 2019","Randal Schwartz, Simon Phipps","Paul Fawkesley, Ian Drysdale",FluidKeys
Episode 524,"April 3, 2019","Randal Schwartz, Jonathan Bennett",Tom Hacohen,EteSync
Episode 525,"April 10, 2019","Randal Schwartz, Michael Tunnell",Joshua Montgomery,Mycroft
Episode 526,"April 17, 2019","Randal Schwartz, Aaron Newcomb",Max Lynch,Ionic
Episode 527,"April 24, 2019","Randal Schwartz, Simon Phipps",Eric Hanson,Aquameta
Episode 528,"May 1, 2019","Randal Schwartz, Jonathan Bennett",Steve Springett,CycloneDX
Episode 529,"May 9, 2019","Randal Schwartz, Dan Lynch",Ev Kontsevoy,Teleport and Gravity
Episode 530,"May 15, 2019","Randal Schwartz, Jonathan Bennett",Oren Eini,[RavenDB](https://en.wikipedia.org/wiki/RavenDB)
Episode 531,"May 22, 2019","Randal Schwartz, Simon Phipps",Maik Aussendorf,Bareos
Episode 532,"June 5, 2019","Randal Schwartz, Michael Tunnell",Aaron MacSween,CryptPad
Episode 533,"June 12, 2019","Randal Schwartz, Dan Lynch",Paulo Arruda,faastRuby
Episode 534,"June 19, 2019","Randal Schwartz, Simon Phipps",Todd Lewis,All Things Open 2019
Episode 535,"June 26, 2019","Randal Schwartz, Jonathan Bennett","Mathias Radtke, Niko Wenselowski",OPSI
Episode 536,"July 3, 2019","Randal Schwartz, Aaron Newcomb","Amaury Hernàndez Águila, Inge Wallin",CX
Episode 537,"July 10, 2019","Dan Lynch, Aaron Newcomb","Graeme Rocher, Jeff Scott Brown",Micronaut
Episode 538,"July 17, 2019","Randal Schwartz, Jonathan Bennett",Leo Laporte,FLOSS history and the TWiT Network
Episode 539,"July 24, 2019","Dan Lynch, Aaron Newcomb",Justin Reock,OpenLogic
Episode 540,"July 31, 2019","Dan Lynch, Jonathan Bennett",Gareth McCumskey,Serverless
Episode 541,"August 7, 2019","Randal Schwartz, Jonathan Bennett",Mike Szczys,Hack-a-day
Episode 542,"August 14, 2019","Dan Lynch, Jonathan Bennett","Jason A Crome, Sawyer X",Dancer
Episode 543,"August 21, 2019","Randal Schwartz, Jonathan Bennett",Gilles Chehade,OpenSMTPD
Episode 544,"August 28, 2019","Randal Schwartz, Dan Lynch",Sawyer X,Perl
Episode 545,"September 4, 2019","Randal Schwartz, Aaron Newcomb","William Woodruff, Nicole Harris",PyPi Security
Episode 546,"September 11, 2019","Randal Schwartz, Dan Lynch",Spencer Kimball,CockroachDB
Episode 547,"September 18, 2019","Randal Schwartz, Dan Lynch, Simon Phipps",OggCamp
Episode 548,"September 25, 2019","Randal Schwartz, Michael Tunnell",Neil McGovern,GNOME
Episode 549,"October 2, 2019","Randal Schwartz, Aaron Newcomb",David Fetter,PostgreSQL
Episode 550,"October 12, 2019","Randal Schwartz, Jonathan Bennett",David Wheeler,CII Best Practices Badge Update
Episode 551,"October 16, 2019","Dan Lynch, Jonathan Bennett",Fred Posner,Kamailio
Episode 552,"October 23, 2019","Randal Schwartz, Jonathan Bennett","Eduardo Arango Gutierrez, Gregory Kurtzer",Singularity
Episode 553,"October 30, 2019","Randal Schwartz, Aaron Newcomb","Ken Fallon, Kevin OBrien",Hacker Public Radio
Episode 554,"November 6, 2019","Randal Schwartz, Jonathan Bennett","Troy McSimov, Josh Mahar",Hotrock
Episode 555,"November 13, 2019","Randal Schwartz, Dan Lynch","Lars Kiesow, Timo Nogueira Brockmeyer",Emissions API
Episode 556,"November 20, 2019","Randal Schwartz, Dan Lynch",Tom Payne,Chezmoi
Episode 557,"November 27, 2019","Randal Schwartz, Jonathan Bennett",Dmitri Tikhonov,LSQuic
Episode 558,"December 4, 2019","Randal Schwartz, Jonathan Bennett",Ludovic Dubost,XWiki
Episode 559,"December 11, 2019","Randal Schwartz, Aaron Newcomb, Jonathan Bennett",Open Source Chat
Episode 560,"December 18, 2019","Randal Schwartz, Dan Lynch",Renaud,Rolisteam
Episode 561,"January 8, 2020","Aaron Newcomb, Jonathan Bennett",Eric Schrock,Titan
Episode 562,"January 15, 2020","Randal Schwartz, Simon Phipps",Marco Palladino,Kong
Episode 563,"January 22, 2020","Randal Schwartz, Aaron Newcomb","Tracy lee, Moshe Milman",The Apprentice Program
Episode 564,"January 29, 2020","Randal Schwartz, Dan Lynch",John Mertic,Open Mainframe Update
Episode 565,"February 5, 2020","Randal Schwartz, Aaron Newcomb",[Bob van Luijt](https://en.wikipedia.org/wiki/Bob_van_Luijt),Weaviate
Episode 566,"February 12, 2020","Randal Schwartz, Jonathan Bennett",Hillel Coren,ItsAllWidgets / Flutter Update
Episode 567,"February 26, 2020","Randal Schwartz, Jonathan Bennett",Boris Paskalev,DeepCode
Episode 568,"March 4, 2020",Jonathan Bennett,Christoph Zimmermann,Linux Bier Wanderung
Episode 569,"March 11, 2020","Randal Schwartz, Jonathan Bennett",Open-Source News
Episode 570,"March 20, 2020","Randal Schwartz, Michael Tunnell",Chen Ravid,xs:code
Episode 571,"March 25, 2020","Randal Schwartz, Jonathan Bennett",Mark Mandel,Agones
Episode 572,"April 1, 2020","Jonathan Bennett, Simon Phipps",Hans-Christoph Steiner,F-Droid
Episode 573,"April 8, 2020","Randal Schwartz, Simon Phipps",Omar Yadan,Hydra
Episode 574,"April 15, 2020","Randal Schwartz, Jonathan Bennett, Dan Lynch",Open-Source News
Episode 575,"April 22, 2020","Jonathan Bennett, Simon Phipps",Olivier Lambert,XCP-ng
Episode 576,"April 29, 2020","Jonathan Bennett, Dan Lynch",Peter Howe,Contractor
Episode 577,"May 6, 2020","Randal Schwartz, Simon Phipps","Manfred Moser, Dain Sundstrom",Presto
Episode 578,"May 13, 2020","Doc Searls, Jonathan Bennett",Costa Tsaousis,Netdata
Episode 579,"May 20, 2020","Doc Searls, Dan Lynch",Jorge Torres,MindsDB
Episode 580,"May 27, 2020","Doc Searls, Aaron Newcomb","Loris Degioanni, Kris Nova",Sysdig
Episode 581,"June 4, 2020","Doc Searls, Simon Phipps",Kyle Rankin,[Purism](https://en.wikipedia.org/wiki/Purism)
Episode 582,"June 10, 2020","Doc Searls, Simon Phipps",Joshua R. Simmons,OSI
Episode 583,"June 17, 2020","Doc Searls, Jonathan Bennett",[Don Marti](https://en.wikipedia.org/wiki/Don_Marti),California Consumer Privacy Act Tools
Episode 584,"June 24, 2020","Doc Searls, Simon Phipps",Silona Bonewald,IEEE SA Open
Episode 585,"July 1, 2020","Doc Searls, Aaron Newcomb","Jon ""maddog"" Hall",Linux Professional Institute
Episode 586,"July 8, 2020","Doc Searls, Jonathan Bennett",Kaliya Young,Digital Identity
Episode 587,"July 15, 2020","Doc Searls, Jonathan Bennett",Tim Pozar,Internet Vs. Broadcasting
Episode 588,"July 22, 2020","Doc Searls, Shawn Powers",Devon Loffreto,KidOYO
Episode 589,"July 29, 2020","Doc Searls, Jonathan Bennett",Liam Broza,LifeScope
Episode 590,"August 5, 2020","Doc Searls, Simon Phipps",Wes Turner,Rensselaer Center for Open Software
Episode 591,"August 12, 2020","Doc Searls, Shawn Powers",Brian Dear,PLATO & The Rise of Cyberculture
Episode 592,"August 19, 2020","Doc Searls, Simon Phipps",[Brian Behlendorf](https://en.wikipedia.org/wiki/Brian_Behlendorf),Hyperledger Update
Episode 593,"August 26, 2020","Doc Searls, Jonathan Bennett",Rebecca Whitworth,TrustyAI
Episode 594,"September 2, 2020","Doc Searls, Aaron Newcomb","Sumana Harihareswara, Pradyun Gedam",PIP and the Python Package Index
Episode 595,"September 9, 2020","Doc Searls, Shawn Powers",Christoph Zimmermann,Redis Redux
Episode 596,"September 16, 2020","Doc Searls, Shawn Powers",Richard Esplin,Self-Sovereign Identity
Episode 597,"September 23, 2020","Doc Searls, Dan Lynch","Karen Sandler, Molly De Blanc",Declaration of Digital Autonomy
Episode 598,"September 30, 2020","Doc Searls, Jonathan Bennett",Mark Frischmuth,DemocracyLab
Episode 599,"October 7, 2020","Doc Searls, Simon Phipps",Christine Peterson,Foresight Institute
Episode 600,"October 14, 2020","Doc Searls, Shawn Powers",Milan Kazarka,Chatcola
Episode 601,"October 21, 2020","Doc Searls, Jonathan Bennett",Jason van Gumster,Open Source Creative
Episode 602,"October 28, 2020","Doc Searls, Aaron Newcomb",Boas Betzler,Linux on IBM
Episode 603,"November 4, 2020","Doc Searls, Jonathan Bennett",Sri Ambati,Democratizing AI
Episode 604,"November 11, 2020","Doc Searls, Jonathan Bennett",Hadrian Zbarcea,Learning from The Apache Way
Episode 605,"November 18, 2020","Doc Searls, Shawn Powers",Adrian Gropper,Trust in Health Care
Episode 606,"November 25, 2020","Doc Searls, Simon Phipps",Vinay Gupta,The Future of Stuff
Episode 607,"December 2, 2020",Doc Searls,"Stormy Peters, Sarah Novotny",Microsoft and Open Source
Episode 608,"December 9, 2020","Doc Searls, Aaron Newcomb",John Wunderlich,What Makes A Standard?
Episode 609,"December 16, 2020","Doc Searls, Simon Phipps",David Wheeler,Open Source Security
Episode 610,"December 30, 2020","Doc Searls, Shawn Powers",Phil Windley,Internet of People and Things
Episode 611,"January 6, 2021","Doc Searls, Jonathan Bennett",Allison Randal,The FLOSS Ecosystem
Episode 612,"January 13, 2021","Doc Searls, Dan Lynch",Dr. Matthias Uiberacker,Open Sheet Music Display
Episode 613,"January 20, 2021","Doc Searls, Shawn Powers",Tom Hacohen,Etesync and Etebase
Episode 614,"January 27, 2021","Doc Searls, Shawn Powers, Katherine Druckman",Ethics and Open Source
Episode 615,"February 3, 2021","Doc Searls, Aaron Newcomb",Steve Seguin,OBS.Ninja
Episode 616,"February 10, 2021","Doc Searls, Simon Phipps",Roberto Di Cosmo,Software Heritage
Episode 617,"February 17, 2021","Doc Searls, Aaron Newcomb, Jonathan Bennett",Open Source in the Workplace
Episode 618,"February 24, 2021","Doc Searls, Shawn Powers",Steve Klabnik,Rust
Episode 619,"March 3, 2021","Jonathan Bennett, Katherine Druckman",Kevin Lin,Notetaking with Dendron
Episode 620,"March 10, 2021","Doc Searls, Jonathan Bennett",Jeremy Ruston,TiddlyWiki
Episode 621,"March 17, 2021","Doc Searls, Katherine Druckman",[Dries Buytaert](https://en.wikipedia.org/wiki/Dries_Buytaert),[Drupal](https://en.wikipedia.org/wiki/Drupal)
Episode 622,"March 24, 2021","Doc Searls, Simon Phipps",Keith Packard,Keith Packard
Episode 623,"March 31, 2021","Doc Searls, Dan Lynch",Liam Breck,MNM Mail
Episode 624,"April 7, 2021","Doc Searls, Aaron Newcomb",John Mertic,Open Mainframe Project
Episode 625,"April 14, 2021","Jonathan Bennett, Dan Lynch",Jonathan Steck,Endless Sky
Episode 626,"April 21, 2021","Doc Searls, Jonathan Bennett",Jason Donenfeld,Wireguard and Open Source VPN
Episode 627,"April 28, 2021","Doc Searls, Katherine Druckman, Shawn Powers",Beyond The Browser
Episode 628,"May 5, 2021","Doc Searls, Aaron Newcomb",Dr. Andre Kudra,Digital Sovereignty
Episode 629,"May 12, 2021","Doc Searls, Jonathan Bennett",Steven J. Vaughan-Nichols,Steven J. Vaughan-Nichols
Episode 630,"May 19, 2021","Doc Searls, Aaron Newcomb",Dale Dougherty,The State of Making
Episode 631,"May 26, 2021","Doc Searls, Shawn Powers",Fred Stuzman,The Future of Focused Work
Episode 632,"June 2, 2021","Doc Searls, Jonathan Bennett",[Brian J. Fox](Brian_Fox_(computer_programmer)https://en.wikipedia.org/wiki/),From Bash to Cryptocurrency
Episode 633,"June 9, 2021","Doc Searls, Aaron Newcomb, Shawn Powers",Open Source Education and Privacy
Episode 634,"June 16, 2021","Doc Searls, Katherine Druckman",Martin Sosic,Web Development with Wasp
Episode 635,"June 23, 2021","Doc Searls, Simon Phipps",Jonathan Riddell,KDE Neon
Episode 636,"June 30, 2021","Doc Searls, Jonathan Bennett",Stephano Cetola,RISC-V
Episode 637,"July 7, 2021","Doc Searls, Dan Lynch",Buster Neece,Open Source Web Radio with AzuraCast
Episode 638,"July 14, 2021","Doc Searls, Jonathan Bennett",David Taht,Bufferbloat and Beyond
Episode 639,"July 21, 2021","Doc Searls, Simon Phipps",[Mårten Mickos](https://en.wikipedia.org/wiki/Mårten_Mickos),Open Source and Big Business
Episode 640,"July 28, 2021","Doc Searls, Jonathan Bennett, Dan Lynch, Katherine Druckman",Open Source Past and Future
Episode 641,"August 4, 2021","Doc Searls, Shawn Powers",Nick Vidal,The Open Anniversary
Episode 642,"August 11, 2021","Doc Searls, Jonathan Bennett, Shawn Powers",Linux Kernel Security and Beyond
Episode 643,"August 18, 2021","Doc Searls, Aaron Newcomb",Clyde Seepersad,Open Source Hiring Trends
Episode 644,"August 25, 2021","Doc Searls, Simon Phipps",Guy Martin,OASIS Open
Episode 645,"September 1, 2021","Doc Searls, Katherine Druckman",[Don Marti](https://en.wikipedia.org/wiki/Don_Marti),Privacy and AdTech
Episode 646,"September 8, 2021","Doc Searls, Dan Lynch",Richard North,AtomicJar and Testcontainers
Episode 647,"September 15, 2021","Doc Searls, Jonathan Bennett",Mike Schwartz,Gluu and Open Source Digital ID
Episode 648,"September 22, 2021","Jonathan Bennett, Shawn Powers, Leo Laporte",Carl Richell,Pop!\_OS and System76
Episode 649,"September 29, 2021","Doc Searls, Dan Lynch",Daniel Maslowski,Open Firmware
Episode 650,"October 6, 2021","Doc Searls, Jonathan Bennett",James Vasile,Decentralizing Social Networks
Episode 651,"October 13, 2021","Doc Searls, Aaron Newcomb",Mary Hodder,Open Source and Construction
Episode 652,"October 20, 2021","Doc Searls, Simon Phipps",Peter Adams,Faces of Open Source
Episode 653,"October 27, 2021","Doc Searls, Katherine Druckman",Paul Mutton,Web Servers and Cybercrime
Episode 654,"November 3, 2021","Doc Searls, Shawn Powers",Paula Hunter,Financial Inclusion and Mojaloop
Episode 655,"November 10, 2021","Doc Searls, Dan Lynch",Kosta Peric,Open Source and Digital Public Goods
Episode 656,"November 17, 2021","Doc Searls, Jonathan Bennett, Aaron Newcomb",Intel & System76,Switching to Linux - and Much Else
Episode 657,"November 24, 2021","Doc Searls, Aaron Newcomb, Simon Phipps, Katherine Druckman",[WordPress](https://en.wikipedia.org/wiki/WordPress),Web 3.0 and Beyond
Episode 658,"December 1, 2021","Doc Searls, Katherine Druckman",Lisa LeVasseur,The Me2B's Knees
Episode 659,"December 8, 2021","Doc Searls, Jonathan Bennett",Steve Stroh,Open Source and Amateur Radio
Episode 660,"December 15, 2021","Doc Searls, Jonathan Bennett","Ennuicastr, Log4j",Open Source Audio and The Weasel
Episode 661,"December 22, 2021","Doc Searls, Jonathan Bennett, Simon Phipps","Computer Security, VIZIO Lawsuit",Open Source for Observability
Episode 662,"January 5, 2022","Doc Searls, Shawn Powers",Deb Goodkin,[FreeBSD](https://en.wikipedia.org/wiki/FreeBSD) & FreeBSD Foundation
Episode 663,"January 12, 2022","Doc Searls, Dan Lynch",Sandra Henry-Stocker,UNIX as a Second Language - [Networkworld](https://en.wikipedia.org/wiki/Networkworld)
Episode 664,"January 19, 2022","Doc Searls, Aaron Newcomb",Avery Pennarun,Tailscale
Episode 665,"January 26, 2022","Aaron Newcomb, Simon Phipps","Simon Phipps, Stefano Maffulli",[Open Source Initiative](https://en.wikipedia.org/wiki/Open_Source_Initiative)
Episode 666,"February 2, 2022","Doc Searls, Jonathan Bennett",Elliot Williams,Hackaday Open Source & Hacking
Episode 667,"February 9, 2022","Doc Searls, Shawn Powers",Ramón Huidobro,CodeSee Open Source Onboarding
Episode 668,"February 16, 2022","Doc Searls, Katherine Druckman",Rob La Gessee,"Openstack, AWS Marketing Open Source"
Episode 669,"February 23, 2022","Doc Searls, Simon Phipps","Jon ""maddog"" Hall"
Episode 670,"March 2, 2022","Doc Searls, Shawn Powers",Darrell O'Donnell,SSI and Digital wallets
Episode 671,"March 9, 2022","Doc Searls, Jonathan Bennett",[Matt Mullenweg](https://en.wikipedia.org/wiki/Matt_Mullenweg),[WordPress](https://en.wikipedia.org/wiki/WordPress) Evolutions
Episode 672,"March 16, 2022","Doc Searls, Jonathan Bennett, Katherine Druckman","Gitlab vs Russia, AMD Linux GPU Support",Wartime Roundtable
Episode 673,"March 23, 2022","Doc Searls, Simon Phipps","Drummond Reed, Trust Over IP, SSI",Frontiers of Trust
Episode 674,"March 30, 2022","Doc Searls, Jonathan Bennett","Lorenzo Miniero, Meetcho",Janus WebRTC
Episode 675,"April 6, 2022","Doc Searls, Shawn Powers","Plausible, Adblocking, Open Source Analytics",The Plausible(.io) Alternative to Google Analytics
Episode 676,"April 13, 2022","Doc Searls, Aaron Newcomb","Tidelift, Jeremy Katz, Luis Villa",Tidelift A Platform for Maintainers
Episode 677,"April 20, 2022","Doc Searls, Katherine Druckman",Melody Meckfessel,Open Source and Data Visualization
Episode 678,"April 27, 2022","Doc Searls, Simon Phipps",[Ethan Zuckerman](https://en.wikipedia.org/wiki/Ethan_Zuckerman),"Of Musk, [Mastodon](Mastodon_(social_network)https://en.wikipedia.org/wiki/), and More"
Episode 679,"May 4, 2022","Doc Searls, Jonathan Bennett",Amit Taylor,Open Jobs in Open Source
Episode 680,"May 11, 2022","Doc Searls, Jonathan Bennett",[Hector Martin](Hector_Martin_(hacker)https://en.wikipedia.org/wiki/),[Asahi Linux](https://en.wikipedia.org/wiki/Asahi_Linux) on M1 Hardware
Episode 681,"May 18, 2022","Doc Searls, Dan Lynch",James Walker,"Yes, UCAN"
Episode,"May 25, 2022","Doc Searls, Katherine Druckman",Holmes Wilson,Free and Open P2P Team Chat with Quiet
Episode 683,"June 1, 2022","Doc Searls, Aaron Newcomb",Dr. Andre Kudra,Retro Computing and the Demoscene
Episode 684,"June 8, 2022","Doc Searls, Jonathan Bennett",Sam Lambert,Planetscale
Episode 685,"June 15, 2022","Doc Searls, Dan Lynch",Sam Curren,DIDs and DIDcomm
Episode 686,"June 22, 2022","Doc Searls, Katherine Druckman",David Huseby,Authentic Data
Episode 687,"June 29, 2022","Doc Searls, Katherine Druckman","Jonathan Bennett, Shawn Powers",Open Source Roundtable
Episode 688,"July 6, 2022","Doc Searls, Jonathan Bennett",Matthew Hodgson,"[Matrix](Matrix_(protocol)https://en.wikipedia.org/wiki/).org, [Element](Element_(software)https://en.wikipedia.org/wiki/)"
Episode 689,"July 13, 2022","Doc Searls, Aaron Newcomb","Snazzah, Ralph S",Record Discord with Craig
Episode 690,"July 20, 2022","Doc Searls, Jonathan Bennett",Stephano Cetola,[RISC-V](RISC-https://en.wikipedia.org/wiki/V) Revisited
Episode 691,"July 27, 2022","Doc Searls, Shawn Powers",Maxie Reynolds,Subsea Cloud
Episode 692,"August 3, 2022",Doc Searls,"Jonathan Bennett, Shawn Powers",Sugar-Free Hammer
Episode 693,"August 10, 2022","Doc Searls, Jonathan Bennett",Avi Press,Open Source Analytics with Scarf
Episode 694,"August 17, 2022","Doc Searls, Jonathan Bennett",[Dave Taht](https://en.wikipedia.org/wiki/Dave_Taht),Icky Latency and the Dawn of IQI
Episode 695,"August 24, 2022","Doc Searls, Shawn Powers",Peter Kaminski,Massive Wiki
Episode 696,"August 31, 2022","Doc Searls, Aaron Newcomb",Avery Pennarun,[Tailscale](https://en.wikipedia.org/wiki/Tailscale) Gets Hot
Episode 697,"September 7, 2022","Doc Searls, Simon Phipps",[Brian Behlendorf](https://en.wikipedia.org/wiki/Brian_Behlendorf),The Life of Brian
Episode 698,"September 14, 2022","Doc Searls, Dan Lynch",[Miguel de Icaza](https://en.wikipedia.org/wiki/Miguel_de_Icaza),[Miguel de Icaza](https://en.wikipedia.org/wiki/Miguel_de_Icaza)
Episode 699,"September 21, 2022","Doc Searls, Katherine Druckman",Andy Parsons,Content Authenticity
Episode 700,"September 28, 2022","Doc Searls, Shawn Powers",Jonathan Corbet,The Linux Kernel Gets Rusty
Episode 701,"October 5, 2022","Doc Searls, Simon Phipps",[David P. Reed](David_P.https://en.wikipedia.org/wiki/_Reed),Freedom and Scalable Cooperation
Episode 702,"October 12, 2022","Doc Searls, Jonathan Bennett",John Mertic,Open Source and Mainframes
Episode 703,"October 19, 2022","Doc Searls, Katherine Druckman",Marcus Sailler,Hacker's Ethical Dilemma
Episode 704,"October 26, 2022","Doc Searls, Simon Phipps",Hart Montgomery,"Distributed Data, Decentralized Trust, [Hyperledger](https://en.wikipedia.org/wiki/Hyperledger)"
Episode 705,"November 2, 2022","Doc Searls, Jonathan Bennett",Jeff Geerling,A Slice of [Raspberry Pi](https://en.wikipedia.org/wiki/Raspberry_Pi)
Episode 706,"November 9, 2022","Doc Searls, Jonathan Bennett, Katherine Druckman",[Greg Kroah-Hartman](Greg_Kroah-https://en.wikipedia.org/wiki/Hartman),Secrets of the Linux Kernel
Episode 707,"November 16, 2022","Doc Searls, Jonathan Bennett",Robin Gareus,[Ardour](Ardour_(software)https://en.wikipedia.org/wiki/) and Linux Pro Audio
Episode 708,"November 23, 2022","Doc Searls, Simon Phipps",Matthias Kirschner,"Europe Flies The FLOSS Flag, [FSFE](https://en.wikipedia.org/wiki/Free_Software_Foundation_Europe)"
Episode 709,"November 30, 2022","Doc Searls, Aaron Newcomb",Jason Griffey,The Tiny Free Library That Could
Episode 710,"December 7, 2022","Doc Searls, Shawn Powers","Tim Požar, Brian David",Open Source for Broadcast
Episode 711,"December 14, 2022",Doc Searls,"Jonathan Bennett, Shawn Powers",May or May Not Be Notable
Episode 712,"December 21, 2022","Doc Searls, Katherine Druckman",Dan Lorenc,Software Supply Chain Security
Episode 713,"January 4, 2023",Doc Searls,"Jonathan Bennett, Katherine Druckman, Leo Laporte",Let's put thoughts on the blockchain
Episode 714,"January 11, 2023","Doc Searls, Dan Lynch","Devin Ulibarri, [Walter Bender](https://en.wikipedia.org/wiki/Walter_Bender)",[Sugar Labs](https://en.wikipedia.org/wiki/Sugar_Labs) and Music Blocks
Episode 715,"January 18, 2023","Doc Searls, Jonathan Bennett",Alexander Belokrylov,Lower Cloud Costs for Java
Episode 716,"January 25, 2023","Doc Searls, Simon Phipps",Christine Hall,Desperately Seeking Software Freedom
Episode 717,"February 1, 2023","Doc Searls, Katherine Druckman",Ilan Rabinovitch,[SCaLE](https://en.wikipedia.org/wiki/Southern_California_Linux_Expo) Is Still Huge
Episode 718,"February 8, 2023","Doc Searls, Jonathan Bennett","Lubos Kocman, Douglas DeMaio",Future of [openSUSE](https://en.wikipedia.org/wiki/openSUSE) Leap
Episode 719,"February 15, 2023","Doc Searls, Dan Lynch",Peter Kaminski,Let the Wiki Win!
Episode 720,"February 22, 2023","Doc Searls, Simon Phipps",Arun Gupta,Fostering an Open Source Culture
Episode 721,"March 1, 2023","Doc Searls, Shawn Powers",Kyle Rankin,"Hacking, Convergence and Hyper[Purism](Purism_(company)https://en.wikipedia.org/wiki/)"
Episode 722,"March 8, 2023","Doc Searls, Aaron Newcomb","Tim Požar, Brian David",DIY Broadcasting with Open Source
Episode 723,"March 15, 2023","Doc Searls, Simon Phipps",Seth Frey,Freedom to Fork
Episode 724,"March 22, 2023","Doc Searls, Shawn Powers",Levi C. Maaia,The Wide World of Open Radio
Episode 725,"March 29, 2023","Doc Searls, Katherine Druckman, Shawn Power",Pietro di Caprio,VanillaOS on a Stick
Episode 726,"April 5, 2023","Doc Searls, Jonathan Bennett",Paula Hunter,Mojaloop and Digital Public Goods
Episode 727,"April 12, 2023","Doc Searls, Dan Lynch",Dr Rand Hindi,[Homomorphic Encryption](https://en.wikipedia.org/wiki/Homomorphic_Encryption): the Next Big Thing
Episode 728,"April 19, 2023","Doc Searls, Jonathan Bennett",Mike Milinkovich,Open Season on Open Source - the [Cyber Resilience Act](https://en.wikipedia.org/wiki/Cyber_Resilience_Act)
Episode 729,"April 26, 2023","Doc Searls, Shawn Powers",[Stormy Peters](https://en.wikipedia.org/wiki/Stormy_Peters),Commitment Issues
Episode 730,"May 3, 2023","Doc Searls, Jonathan Bennett","Ben Meadors, Garth Vander Houwen",Going Off the Grid with Meshtastic using [LoRa](https://en.wikipedia.org/wiki/LoRa)
Episode 731,"May 10, 2023","Doc Searls, Jonathan Bennett",Dan Middleton,[Confidential Computing Consortium](https://en.wikipedia.org/wiki/Confidential_Computing_Consortium)
Episode 732,"May 17, 2023","Doc Searls, Simon Phipps",[Greg Kroah-Hartman](Greg_Kroah-https://en.wikipedia.org/wiki/Hartman),Update Your [Kernels](https://en.wikipedia.org/wiki/Linux_kernel)
Episode 733,"May 24, 2023","Doc Searls, Dan Lynch",Tim Bonnemann,Open Source Science
Episode 734,"May 31, 2023","Doc Searls, Katherine Druckman",Roman Tsisyk,[Organic Maps](https://en.wikipedia.org/wiki/Organic_Maps)
Episode 735,"June 7, 2023","Doc Searls, Aaron Newcomb",Ahmed Sobeh,FLOSS Without Borders
Episode 736,"June 14, 2023","Doc Searls, Katherine Druckman",[David Sifry](https://en.wikipedia.org/wiki/David_Sifry),Don't Fear the AI
Episode 737,"June 21, 2023","Doc Searls, Shawn Powers",Dan Lynch,"Live, LUG, and Rock On"
Episode 738,"June 28, 2023","Doc Searls, Jonathan Bennett","Jared Watts, Nic Cope",Crossplane: Your Cockpit in the Cloud
Episode 739,"July 5, 2023","Doc Searls, Katherine Druckman","Golda Velez, Romeo Chukwuemeka",Whose AI Is It Anyway?
Episode 740,"July 12, 2023","Doc Searls, Ant Pruitt",Jonathan Bennett,Baking the Printer
Episode 741,"July 19, 2023","Doc Searls, Simon Phipps",Hans-Christoph Steiner,This Is the [F-Droid](F-https://en.wikipedia.org/wiki/Droid) You're Looking For
Episode 742,"July 26, 2023",Doc Searls,"Jonathan Steck, Shaughn Reynolds","Endless Sky, Endless Fun"
Episode 743,"August 2, 2023","Doc Searls, Shawn Powers",William Kwok,Data Is Surprisingly Exciting - [Apache SeaTunnel](https://en.wikipedia.org/wiki/List_of_Apache_Software_Foundation_projects)
Episode 744,"August 9, 2023","Doc Searls, Katherine Druckman",Damien Riehl,A Chill Pirate Lawyer
Episode 745,"August 16, 2023","Doc Searls, Dan Lynch",[Dave Taht](https://en.wikipedia.org/wiki/Dave_Taht),The Buffer Bloke
Episode 746,"August 23, 2023","Doc Searls, Jonathan Bennett","Claude Warren, Jr.","Don't Hesitate, Enculturate!"
Episode 747,"August 30, 2023","Doc Searls, Jonathan Bennett, Dan Lynch","New, Hot, Big, and Doomed"
Episode 748,"September 6, 2023","Doc Searls, Simon Phipps",Nathan Freitas,Show Me the ProofMode - [Guardian Project](Guardian_Project_(software)https://en.wikipedia.org/wiki/)
Episode 749,"September 13, 2023","Doc Searls, Jonathan Bennett",Kyle Rankin,That's In Chapter Three
Episode 750,"September 20, 2023","Doc Searls, Katherine Druckman",Michael Hoffman,AI: Just Make It Normal
Episode 751,"September 27, 2023","Doc Searls, Jonathan Bennett, Shawn Powers",Simon Phipps,The Phipps Certification
Episode 752,"October 4, 2023","Doc Searls, Katherine Druckman",Cooper Quintin,Stalkers Beware
Episode 753,"October 11, 2023","Doc Searls, Dan Lynch",Aral Balkan,Small is Beautiful
Episode 754,"October 18, 2023","Doc Searls, Dan Lynch","[Jon ""maddog"" Hall](https://en.wikipedia.org/wiki/Jon_""maddog""_Hall)",Is He Still On?
Episode 755,"October 25, 2023","Doc Searls, Jonathan Bennett",[Frank Karlitschek](https://en.wikipedia.org/wiki/Frank_Karlitschek),[NextCloud](https://en.wikipedia.org/wiki/NextCloud)
Episode 756,"November 1, 2023","Doc Searls, Simon Phipps",[Luis Villa](https://en.wikipedia.org/wiki/Luis_Villa),"We won, now what? - Tidelift"
Episode 757,"November 8, 2023","Doc Searls, Shawn Powers, Jonathan Bennett",Philip Griffiths,Noodling Around with OpenZiti
